{"stats":{"minecraft:picked_up":{"minecraft:charcoal":1886,"paraglider:spirit_orb":2,"minecraft:flint":4,"minecraft:tuff":40,"minecraft:string":16,"minecraft:soul_soil":2,"create:limestone":2,"alexsmobs:dropbear_claw":5,"alexsmobs:blood_sac":1,"minecraft:cobbled_deepslate":193,"minecraft:raw_gold":13,"comforts:sleeping_bag_white":1,"minecraft:calcite":1,"minecraft:sugar_cane":43,"minecraft:soul_sand":65,"minecraft:gravel":2,"minecraft:diorite":1,"minecraft:spider_eye":7,"minecraft:rotten_flesh":6,"minecraft:diamond":3,"minecraft:cobblestone":52,"alexsmobs:flying_fish":1},"minecraft:used":{"minecraft:flint_and_steel":1,"minecraft:sugar_cane":2,"minecraft:netherrack":1,"minecraft:soul_sand":1,"create:encased_fan":2,"minecraft:obsidian":2,"minecraft:netherite_shovel":70,"create:wrench":2,"minecraft:gravel":2,"minecraft:diamond_sword":33,"minecraft:cobblestone":4,"create:shaft":1,"minecraft:soul_soil":2,"minecraft:netherite_pickaxe":549,"comforts:sleeping_bag_white":1,"farmersdelight:hamburger":5,"sophisticatedbackpacks:gold_backpack":1},"minecraft:dropped":{"minecraft:iron_ingot":10,"minecraft:oak_log":1758,"minecraft:rotten_flesh":6,"alexsmobs:blood_sac":1,"minecraft:diorite":1,"minecraft:charcoal":128,"minecraft:andesite":97,"create:limestone":2,"minecraft:calcite":1},"minecraft:custom":{"minecraft:mob_kills":360,"minecraft:interact_with_crafting_table":5,"minecraft:leave_game":6,"minecraft:time_since_death":1147,"minecraft:sleep_in_bed":1,"minecraft:climb_one_cm":1031,"minecraft:time_since_rest":587,"minecraft:sprint_one_cm":26118,"minecraft:damage_taken":1044,"minecraft:walk_one_cm":69245,"minecraft:drop":38,"minecraft:damage_dealt":2153,"minecraft:fly_one_cm":340799,"minecraft:swim_one_cm":9446,"minecraft:open_chest":71,"minecraft:crouch_one_cm":13180,"minecraft:play_time":54521,"tombstone:undead_killed":5,"minecraft:deaths":2,"minecraft:sneak_time":3249,"minecraft:walk_under_water_one_cm":12014,"minecraft:jump":109,"minecraft:walk_on_water_one_cm":1367,"minecraft:total_world_time":54521,"minecraft:fall_one_cm":15854},"minecraft:killed_by":{"minecraft:zombie":1},"minecraft:crafted":{"minecraft:flint_and_steel":1,"create:encased_fan":1,"betterend:charcoal_block":195,"minecraft:iron_ingot":9,"minecraft:gold_ingot":7,"create:propeller":1},"minecraft:killed":{"alexsmobs:dropbear":2,"minecraft:cave_spider":4,"minecraft:zombified_piglin":1,"alexsmobs:crimson_mosquito":1,"minecraft:zombie":4,"minecraft:enderman":1},"minecraft:mined":{"minecraft:tuff":40,"minecraft:soul_sand":66,"minecraft:deepslate_diamond_ore":4,"minecraft:calcite":2,"minecraft:soul_soil":2,"minecraft:deepslate_gold_ore":14,"minecraft:sugar_cane":26,"minecraft:diorite":1,"minecraft:spawner":1,"minecraft:iron_ore":5,"minecraft:andesite":97,"minecraft:dirt":1,"minecraft:gravel":6,"minecraft:cobweb":4,"minecraft:stone":55,"create:limestone":2,"minecraft:deepslate":324}},"DataVersion":3465}