{"stats":{"minecraft:picked_up":{"minecraft:charcoal":1886,"minecraft:wheat":217,"minecraft:diamond_sword":1,"minecraft:wither_rose":1,"tombstone:scroll_of_preservation":1,"paraglider:heart_container":4,"wildberries:raspberry":8,"minecraft:string":16,"minecraft:soul_soil":2,"create:limestone":2,"minecraft:flint_and_steel":1,"minecraft:blackstone":9,"alexsmobs:dropbear_claw":5,"alexsmobs:blood_sac":5,"create:cart_assembler":1,"minecraft:cobbled_deepslate":205,"minecraft:stripped_warped_stem":2,"comforts:sleeping_bag_white":15,"minecraft:beef":51,"minecraft:calcite":1,"create:basin":1,"minecraft:iron_nugget":1,"minecraft:sugar_cane":84,"minecraft:chest":1,"create:linear_chassis":1,"minecraft:raw_iron":21,"minecraft:torch":3,"alexsmobs:straddlite":3,"minecraft:dried_kelp":344,"tombstone:grave_dust":7,"minecraft:diorite":3,"create_nj:netherite_jetpack_chestplate":1,"create:zinc_ingot":434,"minecraft:stone_sword":6,"minecraft:arrow":20,"minecraft:cactus":1,"minecraft:rotten_flesh":7,"farmersdelight:tree_bark":224,"minecraft:nether_bricks":10,"create:depot":1,"minecraft:blaze_rod":6,"minecraft:snowball":49,"minecraft:rail":14,"alexsmobs:flying_fish":2,"minecraft:cobblestone":74,"minecraft:stripped_oak_log":224,"minecraft:furnace_minecart":2,"minecraft:magma_block":111,"minecraft:basalt":94,"minecraft:magma_cream":15,"minecraft:leather":38,"minecraft:golden_leggings":1,"create:belt_connector":1,"wildberries:blackberry":3,"paraglider:spirit_orb":2,"minecraft:flint":6,"minecraft:tuff":40,"minecraft:ancient_debris":8,"minecraft:gunpowder":2,"minecraft:wither_skeleton_skull":3,"minecraft:dirt":106,"tombstone:gift":1,"create:mechanical_plough":1,"minecraft:bone":131,"minecraft:kelp":344,"minecraft:wheat_seeds":452,"minecraft:raw_gold":31,"create:mechanical_drill":3,"minecraft:iron_ingot":3,"tombstone:bag_of_seeds":1,"minecraft:soul_sand":109,"minecraft:green_dye":2,"minecraft:dandelion":2,"minecraft:lava_bucket":1,"tombstone:scroll_of_feather_fall":1,"minecraft:gravel":4,"minecraft:sand":8,"minecraft:spider_eye":7,"create:wheat_flour":2,"minecraft:bundle":2,"create:brass_ingot":3,"minecraft:diamond":3,"minecraft:lever":4,"minecraft:granite":5,"minecraft:netherrack":629,"minecraft:coal":100,"minecraft:nether_star":1},"minecraft:used":{"minecraft:netherite_sword":19,"create:deployer":94,"minecraft:flint_and_steel":2,"create:item_vault":13,"minecraft:dried_kelp":2,"minecraft:chest":28,"minecraft:stone_hoe":3,"minecraft:netherrack":92,"wildberries:raspberry":9,"minecraft:torch":33,"minecraft:soul_sand":8,"minecraft:dirt":58,"create:mechanical_pump":2,"create:cogwheel":1,"minecraft:nether_bricks":6,"create:mechanical_plough":1,"minecraft:furnace_minecart":4,"create:depot":1,"minecraft:obsidian":4,"minecraft:lava_bucket":1,"minecraft:netherite_shovel":246,"create:wrench":137,"create:gearbox":6,"create:millstone":6,"create:cart_assembler":9,"create:andesite_funnel":12,"minecraft:basalt":2,"minecraft:furnace":1,"create:shaft":26,"minecraft:soul_soil":2,"create:mechanical_drill":394,"minecraft:netherite_pickaxe":2698,"minecraft:egg":1,"comforts:sleeping_bag_white":15,"create:belt_connector":6,"farmersdelight:hamburger":49,"sophisticatedbackpacks:gold_backpack":2,"minecraft:wheat_seeds":225,"wildberries:blackberry":3,"minecraft:warped_stem":2,"minecraft:wither_skeleton_skull":3,"minecraft:netherite_chestplate":1,"minecraft:cactus":2,"minecraft:diamond_axe":10,"minecraft:sugar_cane":40,"create:furnace_minecart_contraption":17,"create_sa:brass_jetpack_chestplate":5,"minecraft:sand":4,"minecraft:rail":30,"create:encased_fan":3,"create:linear_chassis":437,"minecraft:lever":12,"supplementaries:cage":3,"tombstone:grave_key":4,"minecraft:gravel":2,"create:basin":2,"minecraft:diamond_sword":203,"minecraft:cobblestone":6,"create_sa:portable_drill":1,"minecraft:bucket":3,"create_nj:netherite_jetpack_chestplate":1,"minecraft:stripped_oak_log":5,"minecraft:bone_meal":2},"minecraft:dropped":{"minecraft:stone_hoe":1,"minecraft:iron_ingot":72,"minecraft:soul_sand":9,"minecraft:wheat_seeds":8,"minecraft:oak_log":1758,"minecraft:nether_star":1,"minecraft:cobblestone":7,"farmersdelight:tree_bark":32,"minecraft:granite":5,"minecraft:flint":2,"create:cinder_flour":2,"minecraft:dirt":8,"tombstone:bag_of_seeds":1,"minecraft:diorite":3,"minecraft:snowball":2,"minecraft:sugar":2,"create:mechanical_plough":1,"minecraft:cactus":1,"minecraft:bucket":3,"minecraft:bone":5,"create:raw_zinc":434,"minecraft:gold_ingot":3,"minecraft:dandelion":1,"minecraft:kelp":344,"minecraft:blackstone":11,"minecraft:stone_sword":6,"minecraft:wheat":1,"minecraft:rotten_flesh":7,"minecraft:nether_bricks":4,"minecraft:flint_and_steel":1,"minecraft:diamond_sword":1,"alexsmobs:blood_sac":3,"minecraft:bundle":2,"minecraft:charcoal":128,"minecraft:andesite":97,"minecraft:chest":1,"create:limestone":2,"create:brass_ingot":21,"minecraft:basalt":92,"minecraft:arrow":14,"minecraft:calcite":1,"minecraft:magma_block":303,"minecraft:netherrack":3248,"create:powdered_obsidian":3,"minecraft:egg":2},"minecraft:custom":{"minecraft:interact_with_smithing_table":1,"minecraft:mob_kills":3055,"minecraft:inspect_hopper":7,"minecraft:interact_with_crafting_table":65,"goblintraders:trade_with_goblin":138,"minecraft:damage_dealt_resisted":104,"minecraft:leave_game":13,"minecraft:time_since_death":323063,"minecraft:climb_one_cm":1442,"minecraft:sprint_one_cm":170626,"minecraft:walk_one_cm":649062,"tombstone:consume_soul":2,"minecraft:drop":179,"minecraft:damage_dealt_absorbed":50,"minecraft:play_time":409955,"minecraft:deaths":7,"minecraft:sneak_time":10816,"minecraft:walk_under_water_one_cm":31191,"minecraft:jump":1144,"tombstone:kill_undead_boss":1,"minecraft:walk_on_water_one_cm":18356,"minecraft:total_world_time":409955,"minecraft:sleep_in_bed":15,"minecraft:time_since_rest":1701,"minecraft:damage_taken":9629,"minecraft:damage_dealt":24658,"tombstone:use_disenchantment":2,"minecraft:swim_one_cm":25331,"minecraft:fly_one_cm":2080185,"minecraft:open_chest":385,"minecraft:crouch_one_cm":25091,"tombstone:undead_killed":74,"minecraft:fall_one_cm":121583,"minecraft:interact_with_smoker":5},"minecraft:killed_by":{"minecraft:wither_skeleton":1,"minecraft:zombie":1,"minecraft:wither":2},"minecraft:crafted":{"minecraft:oak_planks":272,"minecraft:barrel":32,"minecraft:netherite_sword":1,"minecraft:iron_nugget":1115,"minecraft:lever":2,"minecraft:bone_meal":3,"create:item_vault":30,"create:deployer":35,"minecraft:flint_and_steel":1,"create:andesite_funnel":16,"create:cart_assembler":1,"betterend:charcoal_block":195,"tombstone:grave_key":2,"minecraft:slime_ball":2,"create:millstone":7,"minecraft:lime_dye":2,"minecraft:netherite_upgrade_smithing_template":4,"minecraft:netherite_scrap":90,"create:electron_tube":29,"minecraft:stone_hoe":1,"create:cogwheel":16,"create:belt_connector":14,"create:brass_hand":35,"minecraft:sugar":1,"farmersdelight:hamburger":64,"minecraft:oak_slab":126,"create:andesite_alloy":714,"create:rose_quartz":29,"create:dough":2,"minecraft:gold_block":51,"minecraft:bucket":1,"minecraft:bread":64,"minecraft:air":0,"create:gearbox":2,"create:encased_fan":4,"minecraft:book":2,"minecraft:paper":6,"minecraft:white_dye":1,"create:super_glue":1,"minecraft:iron_ingot":605,"create:linear_chassis":141,"minecraft:iron_block":29,"minecraft:gold_ingot":259,"create:shaft":16,"create:propeller":1,"create:mechanical_drill":143,"minecraft:netherite_ingot":23,"minecraft:torch":64,"tombstone:book_of_disenchantment":2},"minecraft:killed":{"alexsmobs:dropbear":2,"minecraft:cave_spider":4,"minecraft:zombified_piglin":1,"minecraft:wither":1,"minecraft:skeleton":7,"alexsmobs:straddler":10,"minecraft:magma_cube":29,"alexsmobs:stradpole":3,"minecraft:creeper":2,"alexsmobs:crimson_mosquito":5,"minecraft:zombie":6,"minecraft:ghast":1,"minecraft:wither_skeleton":59,"minecraft:cow":13,"minecraft:enderman":1,"minecraft:blaze":2},"minecraft:mined":{"create:zinc_ore":10,"minecraft:stripped_warped_stem":2,"minecraft:tuff":40,"minecraft:deepslate_diamond_ore":4,"minecraft:nether_bricks":8,"minecraft:granite":5,"minecraft:grass_block":84,"wildberries:raspberry_bush_stage_3":3,"create:depot":1,"minecraft:soul_soil":2,"minecraft:spawner":1,"minecraft:tall_seagrass":2,"minecraft:magma_block":175,"minecraft:iron_ore":45,"minecraft:fire":9,"minecraft:snow":38,"minecraft:andesite":886,"create:cart_assembler":1,"minecraft:rail":3,"minecraft:stone":133,"create:limestone":2,"minecraft:blackstone":14,"minecraft:soul_sand":109,"minecraft:kelp_plant":40,"minecraft:crimson_nylium":1,"minecraft:basalt":151,"minecraft:dandelion":1,"minecraft:calcite":2,"minecraft:deepslate_gold_ore":26,"minecraft:sugar_cane":46,"wildberries:blackberry_bush_stage_3":1,"minecraft:diorite":3,"minecraft:wall_torch":3,"create:basin":1,"minecraft:cactus":1,"minecraft:warped_nylium":1,"minecraft:wheat":222,"minecraft:ice":102,"create:mechanical_drill":3,"minecraft:grass":22,"minecraft:gravel":8,"minecraft:sand":12,"minecraft:dirt":12,"minecraft:cobweb":4,"minecraft:netherrack":716,"minecraft:ancient_debris":8,"minecraft:gold_ore":18,"create:linear_chassis":1,"minecraft:deepslate":336}},"DataVersion":3465}