{"stats":{"minecraft:killed":{"minecraft:cave_spider":4,"minecraft:zombified_piglin":1,"minecraft:spider":4,"minecraft:wither":1,"minecraft:skeleton":124,"alexsmobs:straddler":12,"minecraft:magma_cube":29,"alexsmobs:stradpole":3,"minecraft:creeper":2,"alexsmobs:crimson_mosquito":5,"minecraft:zombie":29,"minecraft:ghast":1,"minecraft:cow":13,"minecraft:blaze":2,"alexsmobs:bone_serpent":1,"alexsmobs:dropbear":2,"alexsmobs:seagull":1,"minecraft:wither_skeleton":59,"minecraft:enderman":1},"minecraft:broken":{"minecraft:stone_hoe":3},"minecraft:custom":{"minecraft:interact_with_crafting_table":885,"goblintraders:trade_with_goblin":198,"minecraft:leave_game":20,"minecraft:time_since_death":523940,"minecraft:sprint_one_cm":388236,"minecraft:drop":826,"minecraft:talked_to_villager":13,"minecraft:play_time":1150198,"minecraft:deaths":8,"minecraft:jump":3980,"tombstone:kill_undead_boss":1,"minecraft:walk_on_water_one_cm":121860,"minecraft:traded_with_villager":2,"minecraft:sleep_in_bed":48,"minecraft:damage_dealt":32694,"tombstone:use_disenchantment":2,"minecraft:crouch_one_cm":104946,"tombstone:undead_killed":215,"minecraft:interact_with_smithing_table":3,"minecraft:interact_with_smoker":5,"minecraft:mob_kills":10439,"minecraft:inspect_hopper":97,"minecraft:damage_dealt_resisted":588,"minecraft:climb_one_cm":3697,"minecraft:walk_one_cm":2448394,"tombstone:consume_soul":2,"minecraft:damage_dealt_absorbed":50,"minecraft:sneak_time":42899,"minecraft:walk_under_water_one_cm":70485,"minecraft:total_world_time":1150198,"minecraft:time_since_rest":5935,"minecraft:damage_taken":14776,"minecraft:swim_one_cm":67321,"minecraft:fly_one_cm":5050302,"minecraft:open_chest":927,"minecraft:fall_one_cm":306279},"minecraft:mined":{"minecraft:stripped_warped_stem":2,"minecraft:white_bed":2,"farmersdelight:rich_soil":2,"minecraft:farmland":311,"create:andesite_casing":10,"minecraft:granite":5,"minecraft:grass_block":1606,"wildberries:raspberry_bush_stage_3":3,"minecraft:jungle_log":148,"minecraft:soul_soil":2,"minecraft:composter":3,"create:belt":1,"minecraft:hopper":7,"minecraft:spawner":1,"minecraft:tall_seagrass":2,"minecraft:magma_block":175,"minecraft:iron_ore":45,"minecraft:cobbled_deepslate":56,"minecraft:fire":10,"create:limestone":2,"minecraft:brown_mushroom":18,"minecraft:blackstone":14,"farmersdelight:organic_compost":6,"minecraft:kelp_plant":40,"minecraft:crimson_nylium":1,"minecraft:torch":7,"wildberries:blueberry_bush_stage_3":1,"minecraft:calcite":2,"minecraft:poppy":1,"minecraft:melon":3,"minecraft:chest":2,"farmersdelight:brown_mushroom_colony":182,"minecraft:mushroom_stem":31,"minecraft:glass":31,"minecraft:cobblestone":7,"minecraft:oak_planks":4,"minecraft:sugar_cane":98,"wildberries:blackberry_bush_stage_3":1,"minecraft:wall_torch":5,"create:basin":1,"minecraft:warped_nylium":1,"minecraft:wheat":222,"minecraft:grass":800,"minecraft:oak_log":16,"minecraft:sand":12,"minecraft:dirt":887,"create:encased_chain_drive":1,"create:linear_chassis":1,"minecraft:ancient_debris":8,"minecraft:netherrack":718,"minecraft:deepslate":336,"create:zinc_ore":10,"minecraft:oak_leaves":5,"create:brass_funnel":2,"minecraft:deepslate_tiles":2,"minecraft:tuff":40,"minecraft:deepslate_diamond_ore":4,"minecraft:nether_bricks":8,"minecraft:lever":4,"create:large_cogwheel":1,"create:depot":1,"minecraft:brown_mushroom_block":225,"create:encased_fan":1,"create:shaft":5,"minecraft:oak_trapdoor":1,"minecraft:carrots":9,"minecraft:snow":64,"minecraft:andesite":889,"create:cart_assembler":1,"minecraft:cobblestone_slab":1,"minecraft:vine":1,"minecraft:rail":3,"minecraft:packed_ice":10,"minecraft:bamboo":572,"minecraft:stone":896,"minecraft:oak_slab":1,"minecraft:soul_sand":109,"minecraft:basalt":151,"minecraft:dandelion":5,"minecraft:crafting_table":1,"minecraft:copper_ore":13,"minecraft:tall_grass":83,"minecraft:deepslate_gold_ore":26,"minecraft:diorite":3,"minecraft:cactus":2,"create:gearbox":2,"minecraft:ice":1346,"create:mechanical_drill":3,"minecraft:coal_ore":26,"minecraft:gravel":24,"minecraft:cobweb":4,"minecraft:polished_andesite":1,"create:andesite_funnel":1,"minecraft:gold_ore":18,"minecraft:fern":12},"minecraft:used":{"create:deployer":94,"minecraft:spruce_slab":2,"sophisticatedbackpacks:copper_backpack":2,"minecraft:chest":35,"minecraft:stone":23,"minecraft:soul_sand":8,"create:cogwheel":17,"minecraft:nether_bricks":6,"minecraft:carrot":103,"minecraft:furnace_minecart":4,"create:depot":5,"minecraft:snowball":3,"minecraft:obsidian":4,"minecraft:glass":345,"minecraft:packed_ice":102,"minecraft:lava_bucket":17,"minecraft:netherite_shovel":2922,"create:millstone":14,"create:andesite_funnel":35,"create:rotation_speed_controller":1,"create:shaft":135,"create:steam_engine":2,"minecraft:furnace":1,"create:mechanical_drill":413,"minecraft:egg":1,"farmersdelight:hamburger":84,"minecraft:wither_skeleton_skull":3,"create:crushing_wheel":2,"minecraft:oak_planks":9,"minecraft:cactus":3,"minecraft:composter":11,"minecraft:sugar_cane":41,"minecraft:diamond_axe":257,"minecraft:oak_leaves":1,"farmersdelight:organic_compost":324,"create_sa:brass_jetpack_chestplate":5,"minecraft:sand":4,"minecraft:shears":1,"minecraft:deepslate_tiles":99,"minecraft:lever":28,"tombstone:grave_key":5,"create:adjustable_chain_gearshift":6,"minecraft:gravel":5,"minecraft:diamond_sword":203,"create:basin":6,"minecraft:andesite":3,"create:large_cogwheel":1,"create:vertical_gearbox":9,"minecraft:ice":5,"minecraft:oak_trapdoor":73,"minecraft:bone_meal":2308,"minecraft:netherite_sword":726,"farmersdelight:diamond_knife":695,"minecraft:flint_and_steel":2,"create:item_vault":86,"minecraft:dried_kelp":2,"farmersdelight:rich_soil":2,"minecraft:stone_hoe":521,"minecraft:netherrack":92,"wildberries:raspberry":9,"minecraft:torch":151,"minecraft:dirt":917,"create:mechanical_pump":18,"create:attribute_filter":4,"minecraft:hopper":19,"create:mechanical_plough":1,"create:chute":30,"create:wrench":659,"create:gearbox":29,"create:cart_assembler":9,"minecraft:bamboo":95,"create:encased_chain_drive":21,"minecraft:basalt":2,"minecraft:soul_soil":2,"tombstone:gift":1,"create:fluid_pipe":43,"minecraft:netherite_pickaxe":3339,"comforts:sleeping_bag_white":48,"minecraft:cobbled_deepslate":27,"create:belt_connector":62,"create:gearshift":10,"sophisticatedbackpacks:gold_backpack":4,"minecraft:wheat_seeds":225,"minecraft:water_bucket":45,"minecraft:warped_stem":2,"wildberries:blackberry":3,"minecraft:polished_andesite":1,"minecraft:netherite_chestplate":1,"minecraft:brown_mushroom":283,"minecraft:cobblestone_slab":5,"create:blaze_burner":1,"create:furnace_minecart_contraption":17,"minecraft:rail":30,"create:encased_fan":5,"create:brass_funnel":61,"minecraft:oak_slab":76,"minecraft:crafting_table":5,"minecraft:white_bed":12,"minecraft:mushroom_stem":3,"minecraft:oak_log":43,"create:linear_chassis":437,"minecraft:diamond_pickaxe":1544,"supplementaries:cage":3,"create:mechanical_press":4,"minecraft:netherite_axe":210,"minecraft:enchanted_book":10,"minecraft:cobblestone":15,"create_sa:portable_drill":1,"minecraft:bucket":59,"create_nj:netherite_jetpack_chestplate":1,"create:clutch":1,"minecraft:stripped_oak_log":20},"minecraft:crafted":{"minecraft:oak_planks":1440,"minecraft:barrel":104,"minecraft:cobblestone_slab":18,"create:brass_nugget":9,"minecraft:lever":14,"create:item_vault":122,"create:deployer":35,"minecraft:bamboo_block":518,"minecraft:hopper":11,"create:andesite_funnel":16,"create:cart_assembler":1,"tombstone:grave_key":3,"minecraft:chest":18,"minecraft:netherite_upgrade_smithing_template":4,"create:brass_funnel":10,"minecraft:stone_hoe":5,"create:cogwheel":91,"create:brass_hand":35,"minecraft:oak_slab":378,"create:depot":3,"create:rose_quartz":32,"minecraft:diamond_axe":1,"minecraft:crafting_table":4,"create:fluid_pipe":32,"create:adjustable_chain_gearshift":2,"minecraft:copper_ingot":72,"minecraft:gold_block":51,"create:attribute_filter":1,"create:gearshift":5,"farmersdelight:organic_compost":320,"create:encased_chain_drive":15,"create:clutch":1,"create:gearbox":22,"create:encased_fan":5,"minecraft:book":37,"minecraft:paper":111,"create:super_glue":1,"minecraft:stick":28,"create:mechanical_pump":3,"minecraft:iron_ingot":970,"minecraft:iron_block":35,"minecraft:gold_ingot":259,"create:propeller":1,"minecraft:netherite_ingot":23,"minecraft:composter":25,"minecraft:deepslate_bricks":144,"minecraft:shears":1,"minecraft:packed_ice":110,"tombstone:book_of_disenchantment":2,"create:chute":20,"minecraft:netherite_sword":1,"minecraft:iron_nugget":1313,"minecraft:bone_meal":2667,"minecraft:oak_trapdoor":80,"minecraft:flint_and_steel":1,"minecraft:blue_ice":2,"minecraft:netherite_axe":1,"minecraft:polished_deepslate":144,"betterend:charcoal_block":195,"minecraft:slime_ball":2,"create:millstone":7,"minecraft:lime_dye":2,"create:basin":1,"create:electron_tube":30,"minecraft:netherite_scrap":90,"create:belt_connector":14,"minecraft:sugar":1,"farmersdelight:hamburger":64,"create:andesite_alloy":1081,"create:dough":2,"minecraft:bucket":3,"minecraft:deepslate_tiles":144,"create:andesite_alloy_block":32,"minecraft:air":0,"minecraft:bread":76,"minecraft:white_wool":12,"minecraft:white_dye":7,"create:linear_chassis":141,"minecraft:white_bed":10,"supplementaries:flint_block":7,"create:mechanical_drill":155,"create:shaft":160,"minecraft:torch":96},"minecraft:picked_up":{"minecraft:wheat":217,"minecraft:diamond_sword":1,"minecraft:wither_rose":1,"alexsmobs:bone_serpent_tooth":3,"minecraft:golden_sword":8,"minecraft:string":26,"wildberries:raspberry":8,"minecraft:soul_soil":2,"create:limestone":2,"create:andesite_funnel":3,"alexsmobs:dropbear_claw":5,"minecraft:deepslate_tiles":2,"alexsmobs:blood_sac":5,"create:cart_assembler":1,"minecraft:cobbled_deepslate":250,"alexsmobs:banana":1,"minecraft:bucket":2,"comforts:sleeping_bag_white":48,"minecraft:cobblestone_slab":1,"minecraft:calcite":1,"vinery:jungle_grape_seeds_white":2,"minecraft:golden_helmet":1,"minecraft:stick":1,"minecraft:composter":3,"minecraft:torch":22,"create:andesite_casing":11,"create_sa:large_fueling_tank":1,"minecraft:dried_kelp":344,"tombstone:grave_dust":24,"minecraft:diorite":3,"minecraft:stone_sword":6,"minecraft:cactus":2,"minecraft:rotten_flesh":50,"farmersdelight:tree_bark":1504,"minecraft:blaze_rod":6,"minecraft:snowball":90,"alexsmobs:flying_fish":2,"minecraft:cobblestone":19073,"minecraft:furnace_minecart":2,"minecraft:magma_block":111,"minecraft:feather":2,"minecraft:andesite":934,"minecraft:magma_cream":15,"minecraft:jungle_log":32,"minecraft:brown_wool":6,"minecraft:golden_leggings":1,"minecraft:potato":1,"create:belt_connector":2,"paraglider:spirit_orb":2,"minecraft:flint":880,"minecraft:tuff":40,"minecraft:wither_skeleton_skull":3,"minecraft:dirt":2522,"create:encased_chain_drive":1,"create:mechanical_plough":1,"minecraft:bone":536,"minecraft:stripped_bamboo_block":511,"minecraft:leather_boots":2,"minecraft:glass":31,"minecraft:bow":11,"minecraft:wheat_seeds":669,"minecraft:raw_gold":31,"create:mechanical_drill":3,"create:shaft":17,"minecraft:bamboo":4852,"minecraft:oak_planks":4,"create:gearshift":1,"create:cogwheel":2,"tombstone:scroll_of_feather_fall":1,"minecraft:sand":8,"minecraft:melon":3,"minecraft:grass_block":5,"minecraft:bundle":2,"minecraft:polished_andesite":49,"minecraft:diamond":3,"minecraft:lever":11,"minecraft:granite":5,"minecraft:oak_sapling":4,"minecraft:netherrack":631,"minecraft:oak_leaves":1,"minecraft:nether_star":1,"minecraft:crafting_table":1,"minecraft:cocoa_beans":3,"minecraft:charcoal":1886,"minecraft:leather_leggings":1,"minecraft:brown_mushroom":961,"minecraft:packed_ice":10,"tombstone:scroll_of_preservation":1,"paraglider:heart_container":4,"minecraft:oak_trapdoor":1,"create:fluid_pipe":5,"minecraft:flint_and_steel":2,"minecraft:blackstone":9,"minecraft:stripped_warped_stem":2,"create:brass_funnel":5,"minecraft:beef":51,"farmersdelight:straw":639,"create:basin":1,"minecraft:jungle_sapling":8,"minecraft:iron_nugget":119,"minecraft:light_gray_wool":2,"minecraft:spruce_slab":2,"minecraft:sugar_cane":178,"minecraft:chest":3,"create:linear_chassis":2,"minecraft:raw_iron":21,"minecraft:stone":451,"minecraft:copper_ingot":19,"alexsmobs:straddlite":3,"minecraft:carrot":111,"minecraft:mushroom_stem":3,"create_nj:netherite_jetpack_chestplate":1,"create:zinc_ingot":434,"create:steam_engine":1,"create:vertical_gearbox":5,"minecraft:arrow":232,"minecraft:nether_bricks":10,"create:depot":1,"tombstone:essence_of_undeath":1,"sophisticatedbackpacks:copper_backpack":1,"minecraft:bone_block":10,"minecraft:rail":14,"minecraft:white_wool":14,"minecraft:stripped_oak_log":1531,"create:iron_sheet":1,"farmersdelight:rich_soil":2,"minecraft:basalt":98,"supplementaries:flint_block":16,"minecraft:leather":38,"wildberries:blueberries":2,"minecraft:ice":999,"wildberries:blackberry":3,"minecraft:oak_log":1159,"minecraft:ancient_debris":8,"minecraft:gunpowder":2,"tombstone:gift":1,"farmersdelight:organic_compost":6,"create:crushing_wheel":2,"minecraft:kelp":344,"minecraft:iron_ingot":4,"tombstone:bag_of_seeds":1,"minecraft:soul_sand":109,"minecraft:green_dye":2,"minecraft:oak_slab":1,"minecraft:dandelion":5,"minecraft:gravel":792,"minecraft:lava_bucket":1,"minecraft:white_bed":2,"minecraft:spider_eye":17,"create:wheat_flour":2,"create:millstone":4,"create:brass_ingot":3,"hauntedharvest:rotten_apple":1,"create:mechanical_pump":2,"create:encased_fan":1,"tombstone:magic_scroll":4,"minecraft:coal":103,"minecraft:hopper":7},"minecraft:killed_by":{"minecraft:wither_skeleton":1,"minecraft:zombie":1,"minecraft:wither":2},"minecraft:dropped":{"minecraft:soul_sand":9,"minecraft:lapis_lazuli":192,"minecraft:oak_log":1758,"minecraft:glow_ink_sac":256,"minecraft:nether_star":1,"create:cogwheel":1,"minecraft:flint":1316,"minecraft:dirt":108,"tombstone:bag_of_seeds":1,"minecraft:snowball":10,"create:iron_sheet":1,"minecraft:sugar":2,"minecraft:bone":7,"minecraft:gold_ingot":3,"minecraft:gravel":1225,"minecraft:blackstone":11,"minecraft:iron_nugget":7,"minecraft:cobbled_deepslate":15,"minecraft:wheat":1,"minecraft:rotten_flesh":26,"minecraft:oak_planks":2,"minecraft:carrot":81,"alexsmobs:blood_sac":3,"minecraft:charcoal":128,"minecraft:jungle_log":32,"minecraft:leather_boots":2,"minecraft:chest":1,"create:limestone":2,"create:brass_ingot":21,"minecraft:basalt":96,"minecraft:arrow":232,"minecraft:netherrack":3249,"create:powdered_obsidian":3,"minecraft:egg":2,"minecraft:iron_ingot":268,"minecraft:stone_hoe":1,"minecraft:bread":9,"minecraft:wheat_seeds":147,"minecraft:golden_helmet":1,"minecraft:feather":1,"minecraft:cobblestone":25917,"farmersdelight:tree_bark":32,"minecraft:granite":5,"minecraft:copper_ingot":64,"minecraft:grass_block":5,"minecraft:stick":1,"minecraft:polished_andesite":12,"create:cinder_flour":2,"minecraft:lava_bucket":1,"minecraft:diorite":3,"tombstone:magic_scroll":3,"create:mechanical_plough":1,"minecraft:cactus":1,"minecraft:string":1,"minecraft:bucket":5,"create:raw_zinc":434,"minecraft:dandelion":4,"create:brass_funnel":4,"minecraft:kelp":344,"create:shaft":11,"minecraft:stone_sword":6,"hauntedharvest:rotten_apple":1,"minecraft:nether_bricks":4,"minecraft:flint_and_steel":1,"minecraft:diamond_sword":1,"supplementaries:flint_block":115,"minecraft:bundle":2,"minecraft:andesite":743,"minecraft:golden_sword":8,"minecraft:spider_eye":6,"minecraft:bamboo":16,"minecraft:bow":11,"minecraft:calcite":1,"minecraft:magma_block":303,"create:andesite_funnel":2}},"DataVersion":3465}