{"stats":{"minecraft:picked_up":{"minecraft:charcoal":1758,"alexsmobs:dropbear_claw":5,"comforts:sleeping_bag_white":1,"minecraft:sugar_cane":43,"alexsmobs:flying_fish":1},"minecraft:used":{"create:wrench":2,"minecraft:sugar_cane":2,"minecraft:netherrack":1,"minecraft:diamond_sword":8,"create:encased_fan":2,"create:shaft":1,"comforts:sleeping_bag_white":1,"farmersdelight:hamburger":3,"sophisticatedbackpacks:gold_backpack":1},"minecraft:dropped":{"minecraft:iron_ingot":10,"minecraft:oak_log":1758},"minecraft:custom":{"minecraft:time_since_rest":1445,"minecraft:sprint_one_cm":6911,"minecraft:walk_one_cm":38634,"minecraft:damage_taken":406,"minecraft:mob_kills":350,"minecraft:drop":29,"minecraft:damage_dealt":642,"minecraft:interact_with_crafting_table":3,"minecraft:swim_one_cm":1554,"minecraft:fly_one_cm":140808,"minecraft:open_chest":42,"minecraft:crouch_one_cm":1554,"minecraft:play_time":30683,"tombstone:undead_killed":1,"minecraft:deaths":1,"minecraft:sneak_time":663,"minecraft:walk_under_water_one_cm":4047,"minecraft:jump":53,"minecraft:leave_game":5,"minecraft:time_since_death":16293,"minecraft:walk_on_water_one_cm":989,"minecraft:sleep_in_bed":1,"minecraft:total_world_time":30683,"minecraft:climb_one_cm":1031,"minecraft:fall_one_cm":9257},"minecraft:crafted":{"create:encased_fan":1,"minecraft:iron_ingot":9,"minecraft:gold_ingot":7,"create:propeller":1},"minecraft:killed":{"alexsmobs:dropbear":2,"minecraft:zombified_piglin":1},"minecraft:mined":{"minecraft:dirt":1,"minecraft:sugar_cane":26}},"DataVersion":3465}