{"stats":{"minecraft:crafted":{"minecraft:oak_planks":644,"minecraft:barrel":62,"create:brass_nugget":9,"minecraft:lever":6,"create:item_vault":82,"create:deployer":35,"minecraft:hopper":11,"create:andesite_funnel":16,"create:cart_assembler":1,"tombstone:grave_key":3,"minecraft:chest":13,"minecraft:netherite_upgrade_smithing_template":4,"create:brass_funnel":10,"minecraft:stone_hoe":1,"create:cogwheel":90,"create:brass_hand":35,"minecraft:oak_slab":126,"create:depot":3,"create:rose_quartz":32,"minecraft:crafting_table":2,"create:fluid_pipe":32,"minecraft:copper_ingot":72,"minecraft:gold_block":51,"create:attribute_filter":1,"create:gearshift":5,"create:encased_chain_drive":14,"create:clutch":1,"create:gearbox":22,"create:encased_fan":5,"minecraft:book":2,"minecraft:paper":6,"create:super_glue":1,"create:mechanical_pump":2,"minecraft:iron_ingot":889,"minecraft:iron_block":35,"minecraft:gold_ingot":259,"create:propeller":1,"minecraft:netherite_ingot":23,"minecraft:deepslate_bricks":144,"create:chute":4,"minecraft:shears":1,"tombstone:book_of_disenchantment":2,"minecraft:netherite_sword":1,"minecraft:iron_nugget":1304,"minecraft:bone_meal":3,"minecraft:flint_and_steel":1,"minecraft:polished_deepslate":144,"betterend:charcoal_block":195,"minecraft:slime_ball":2,"create:millstone":7,"minecraft:lime_dye":2,"create:basin":1,"create:electron_tube":29,"minecraft:netherite_scrap":90,"create:belt_connector":14,"minecraft:sugar":1,"farmersdelight:hamburger":64,"create:andesite_alloy":1081,"create:dough":2,"minecraft:bucket":3,"minecraft:deepslate_tiles":144,"create:andesite_alloy_block":20,"minecraft:bread":64,"minecraft:air":0,"minecraft:white_dye":1,"create:linear_chassis":141,"create:mechanical_drill":155,"supplementaries:flint_block":7,"create:shaft":160,"minecraft:torch":64},"minecraft:custom":{"minecraft:interact_with_crafting_table":121,"goblintraders:trade_with_goblin":198,"minecraft:leave_game":15,"minecraft:time_since_death":90507,"minecraft:sprint_one_cm":229218,"minecraft:drop":607,"minecraft:play_time":716765,"minecraft:deaths":8,"minecraft:jump":2704,"tombstone:kill_undead_boss":1,"minecraft:walk_on_water_one_cm":19266,"minecraft:sleep_in_bed":29,"minecraft:damage_dealt":26239,"tombstone:use_disenchantment":2,"minecraft:crouch_one_cm":43784,"tombstone:undead_killed":80,"minecraft:interact_with_smoker":5,"minecraft:interact_with_smithing_table":1,"minecraft:mob_kills":3064,"minecraft:inspect_hopper":97,"minecraft:damage_dealt_resisted":104,"minecraft:climb_one_cm":1995,"minecraft:walk_one_cm":1285431,"tombstone:consume_soul":2,"minecraft:damage_dealt_absorbed":50,"minecraft:sneak_time":24359,"minecraft:walk_under_water_one_cm":31594,"minecraft:total_world_time":716765,"minecraft:time_since_rest":22568,"minecraft:damage_taken":11885,"minecraft:swim_one_cm":25331,"minecraft:fly_one_cm":2608943,"minecraft:open_chest":593,"minecraft:fall_one_cm":213910},"minecraft:killed":{"minecraft:cave_spider":4,"minecraft:zombified_piglin":1,"minecraft:spider":3,"minecraft:wither":1,"minecraft:skeleton":9,"alexsmobs:straddler":10,"minecraft:magma_cube":29,"alexsmobs:stradpole":3,"minecraft:creeper":2,"alexsmobs:crimson_mosquito":5,"minecraft:zombie":10,"minecraft:ghast":1,"minecraft:cow":13,"minecraft:blaze":2,"alexsmobs:dropbear":2,"minecraft:wither_skeleton":59,"minecraft:enderman":1},"minecraft:killed_by":{"minecraft:wither_skeleton":1,"minecraft:zombie":1,"minecraft:wither":2},"minecraft:dropped":{"minecraft:soul_sand":9,"minecraft:oak_log":1758,"minecraft:nether_star":1,"create:cogwheel":1,"minecraft:flint":884,"minecraft:dirt":37,"tombstone:bag_of_seeds":1,"minecraft:snowball":10,"minecraft:sugar":2,"minecraft:bone":5,"minecraft:gold_ingot":3,"minecraft:gravel":1154,"minecraft:blackstone":11,"minecraft:iron_nugget":7,"minecraft:cobbled_deepslate":15,"minecraft:wheat":1,"minecraft:rotten_flesh":17,"minecraft:oak_planks":1,"alexsmobs:blood_sac":3,"minecraft:charcoal":128,"minecraft:chest":1,"create:limestone":2,"create:brass_ingot":21,"minecraft:basalt":92,"minecraft:arrow":20,"minecraft:netherrack":3249,"create:powdered_obsidian":3,"minecraft:egg":2,"minecraft:stone_hoe":1,"minecraft:iron_ingot":176,"minecraft:wheat_seeds":9,"minecraft:cobblestone":18962,"farmersdelight:tree_bark":32,"minecraft:granite":5,"minecraft:copper_ingot":64,"minecraft:stick":1,"minecraft:polished_andesite":12,"create:cinder_flour":2,"minecraft:diorite":3,"create:mechanical_plough":1,"minecraft:cactus":1,"minecraft:string":1,"minecraft:bucket":5,"create:raw_zinc":434,"minecraft:dandelion":1,"create:brass_funnel":4,"minecraft:kelp":344,"create:shaft":11,"minecraft:stone_sword":6,"hauntedharvest:rotten_apple":1,"minecraft:nether_bricks":4,"minecraft:flint_and_steel":1,"minecraft:diamond_sword":1,"supplementaries:flint_block":115,"minecraft:bundle":2,"minecraft:andesite":679,"minecraft:spider_eye":6,"minecraft:calcite":1,"minecraft:magma_block":303,"create:andesite_funnel":2},"minecraft:picked_up":{"minecraft:wheat":217,"minecraft:diamond_sword":1,"minecraft:wither_rose":1,"minecraft:string":26,"wildberries:raspberry":8,"minecraft:soul_soil":2,"create:limestone":2,"create:andesite_funnel":3,"alexsmobs:dropbear_claw":5,"minecraft:deepslate_tiles":2,"alexsmobs:blood_sac":5,"create:cart_assembler":1,"minecraft:cobbled_deepslate":250,"comforts:sleeping_bag_white":29,"minecraft:calcite":1,"minecraft:stick":1,"minecraft:torch":14,"create:andesite_casing":11,"create_sa:large_fueling_tank":1,"minecraft:dried_kelp":344,"tombstone:grave_dust":7,"minecraft:diorite":3,"minecraft:stone_sword":6,"minecraft:cactus":2,"minecraft:rotten_flesh":17,"farmersdelight:tree_bark":224,"minecraft:blaze_rod":6,"minecraft:snowball":60,"alexsmobs:flying_fish":2,"minecraft:cobblestone":12506,"minecraft:furnace_minecart":2,"minecraft:magma_block":111,"minecraft:magma_cream":15,"minecraft:andesite":870,"minecraft:golden_leggings":1,"create:belt_connector":2,"paraglider:spirit_orb":2,"minecraft:flint":873,"minecraft:tuff":40,"minecraft:wither_skeleton_skull":3,"minecraft:dirt":371,"create:encased_chain_drive":1,"create:mechanical_plough":1,"minecraft:bone":131,"minecraft:wheat_seeds":453,"create:mechanical_drill":3,"minecraft:raw_gold":31,"create:shaft":16,"create:gearshift":1,"create:cogwheel":2,"tombstone:scroll_of_feather_fall":1,"minecraft:sand":8,"minecraft:bundle":2,"minecraft:polished_andesite":49,"minecraft:diamond":3,"minecraft:lever":10,"minecraft:granite":5,"minecraft:oak_sapling":4,"minecraft:netherrack":630,"minecraft:oak_leaves":1,"minecraft:nether_star":1,"minecraft:charcoal":1886,"minecraft:crafting_table":1,"tombstone:scroll_of_preservation":1,"paraglider:heart_container":4,"create:fluid_pipe":5,"minecraft:flint_and_steel":2,"minecraft:blackstone":9,"create:brass_funnel":5,"minecraft:stripped_warped_stem":2,"minecraft:beef":51,"create:basin":1,"minecraft:iron_nugget":84,"minecraft:spruce_slab":2,"minecraft:sugar_cane":84,"minecraft:chest":3,"create:linear_chassis":2,"minecraft:raw_iron":21,"minecraft:stone":19,"minecraft:copper_ingot":19,"alexsmobs:straddlite":3,"create_nj:netherite_jetpack_chestplate":1,"create:zinc_ingot":434,"create:steam_engine":1,"create:vertical_gearbox":4,"minecraft:arrow":24,"minecraft:nether_bricks":10,"create:depot":1,"minecraft:rail":14,"minecraft:stripped_oak_log":251,"minecraft:basalt":94,"supplementaries:flint_block":16,"minecraft:leather":38,"wildberries:blackberry":3,"minecraft:oak_log":1148,"minecraft:ancient_debris":8,"minecraft:gunpowder":2,"tombstone:gift":1,"create:crushing_wheel":2,"minecraft:kelp":344,"minecraft:iron_ingot":3,"tombstone:bag_of_seeds":1,"minecraft:soul_sand":109,"minecraft:green_dye":2,"minecraft:dandelion":2,"minecraft:gravel":714,"minecraft:lava_bucket":1,"minecraft:spider_eye":13,"create:wheat_flour":2,"create:millstone":4,"create:brass_ingot":3,"hauntedharvest:rotten_apple":1,"create:mechanical_pump":2,"create:encased_fan":1,"minecraft:coal":100,"minecraft:hopper":7},"minecraft:used":{"create:deployer":94,"minecraft:spruce_slab":2,"minecraft:chest":30,"minecraft:soul_sand":8,"create:cogwheel":15,"minecraft:nether_bricks":6,"minecraft:furnace_minecart":4,"create:depot":4,"minecraft:snowball":3,"minecraft:obsidian":4,"minecraft:lava_bucket":16,"minecraft:netherite_shovel":397,"create:millstone":14,"create:andesite_funnel":35,"create:rotation_speed_controller":1,"create:shaft":130,"create:steam_engine":2,"minecraft:furnace":1,"create:mechanical_drill":413,"minecraft:egg":1,"farmersdelight:hamburger":62,"create:crushing_wheel":2,"minecraft:wither_skeleton_skull":3,"minecraft:cactus":3,"minecraft:diamond_axe":73,"minecraft:sugar_cane":40,"minecraft:oak_leaves":1,"create_sa:brass_jetpack_chestplate":5,"minecraft:sand":4,"minecraft:shears":1,"minecraft:deepslate_tiles":99,"minecraft:lever":25,"tombstone:grave_key":5,"minecraft:gravel":4,"minecraft:diamond_sword":203,"create:basin":6,"minecraft:andesite":3,"create:vertical_gearbox":8,"minecraft:bone_meal":2,"create:large_cogwheel":1,"minecraft:netherite_sword":33,"minecraft:flint_and_steel":2,"create:item_vault":81,"minecraft:dried_kelp":2,"minecraft:stone_hoe":3,"minecraft:netherrack":92,"wildberries:raspberry":9,"minecraft:torch":120,"minecraft:dirt":118,"create:mechanical_pump":9,"create:attribute_filter":4,"minecraft:hopper":19,"create:mechanical_plough":1,"create:chute":12,"create:wrench":589,"create:gearbox":29,"create:cart_assembler":9,"create:encased_chain_drive":19,"minecraft:basalt":2,"minecraft:soul_soil":2,"create:fluid_pipe":43,"minecraft:netherite_pickaxe":2863,"tombstone:gift":1,"comforts:sleeping_bag_white":29,"minecraft:cobbled_deepslate":27,"create:belt_connector":62,"create:gearshift":9,"sophisticatedbackpacks:gold_backpack":4,"minecraft:wheat_seeds":225,"minecraft:water_bucket":19,"minecraft:warped_stem":2,"wildberries:blackberry":3,"minecraft:polished_andesite":1,"minecraft:netherite_chestplate":1,"create:furnace_minecart_contraption":17,"minecraft:rail":30,"create:encased_fan":5,"create:brass_funnel":55,"minecraft:crafting_table":3,"minecraft:oak_log":43,"create:linear_chassis":437,"supplementaries:cage":3,"create:mechanical_press":4,"minecraft:cobblestone":13,"create_sa:portable_drill":1,"minecraft:bucket":33,"create_nj:netherite_jetpack_chestplate":1,"create:clutch":1,"minecraft:stripped_oak_log":20},"minecraft:mined":{"minecraft:stripped_warped_stem":2,"create:andesite_casing":10,"minecraft:granite":5,"minecraft:grass_block":196,"wildberries:raspberry_bush_stage_3":3,"minecraft:soul_soil":2,"minecraft:hopper":7,"create:belt":1,"minecraft:spawner":1,"minecraft:tall_seagrass":2,"minecraft:magma_block":175,"minecraft:iron_ore":45,"minecraft:cobbled_deepslate":56,"minecraft:fire":9,"create:limestone":2,"minecraft:blackstone":14,"minecraft:kelp_plant":40,"minecraft:crimson_nylium":1,"minecraft:torch":3,"minecraft:calcite":2,"minecraft:chest":2,"minecraft:cobblestone":5,"minecraft:sugar_cane":46,"wildberries:blackberry_bush_stage_3":1,"minecraft:wall_torch":3,"create:basin":1,"minecraft:warped_nylium":1,"minecraft:wheat":222,"minecraft:grass":23,"minecraft:oak_log":5,"minecraft:sand":12,"minecraft:dirt":99,"create:encased_chain_drive":1,"minecraft:netherrack":717,"minecraft:ancient_debris":8,"create:linear_chassis":1,"minecraft:oak_leaves":1,"minecraft:deepslate":336,"create:brass_funnel":2,"create:zinc_ore":10,"minecraft:deepslate_tiles":2,"minecraft:tuff":40,"minecraft:deepslate_diamond_ore":4,"minecraft:lever":4,"minecraft:nether_bricks":8,"create:large_cogwheel":1,"create:depot":1,"create:encased_fan":1,"create:shaft":4,"minecraft:snow":46,"minecraft:andesite":889,"create:cart_assembler":1,"minecraft:rail":3,"minecraft:stone":194,"minecraft:soul_sand":109,"minecraft:basalt":151,"minecraft:dandelion":1,"minecraft:crafting_table":1,"minecraft:deepslate_gold_ore":26,"minecraft:diorite":3,"minecraft:cactus":2,"create:gearbox":1,"minecraft:ice":118,"create:mechanical_drill":3,"minecraft:gravel":9,"minecraft:cobweb":4,"minecraft:polished_andesite":1,"create:andesite_funnel":1,"minecraft:gold_ore":18}},"DataVersion":3465}