{"stats":{"minecraft:picked_up":{"minecraft:charcoal":1886,"minecraft:basalt":82,"minecraft:wither_rose":1,"paraglider:spirit_orb":2,"minecraft:flint":4,"minecraft:tuff":40,"tombstone:scroll_of_preservation":1,"paraglider:heart_container":4,"minecraft:wither_skeleton_skull":3,"tombstone:gift":1,"minecraft:dirt":7,"minecraft:string":16,"minecraft:soul_soil":2,"create:limestone":2,"minecraft:flint_and_steel":1,"minecraft:bone":126,"minecraft:blackstone":8,"alexsmobs:dropbear_claw":5,"alexsmobs:blood_sac":3,"minecraft:cobbled_deepslate":205,"minecraft:raw_gold":31,"comforts:sleeping_bag_white":1,"tombstone:bag_of_seeds":1,"minecraft:calcite":1,"minecraft:sugar_cane":43,"minecraft:soul_sand":100,"tombstone:scroll_of_feather_fall":1,"alexsmobs:straddlite":1,"minecraft:gravel":2,"tombstone:grave_dust":5,"minecraft:diorite":3,"minecraft:spider_eye":7,"minecraft:bundle":2,"minecraft:stone_sword":6,"minecraft:arrow":11,"minecraft:rotten_flesh":6,"minecraft:diamond":3,"minecraft:nether_bricks":10,"minecraft:granite":5,"minecraft:nether_star":1,"minecraft:blaze_rod":6,"minecraft:netherrack":13,"minecraft:coal":100,"alexsmobs:flying_fish":1,"minecraft:cobblestone":72},"minecraft:used":{"minecraft:flint_and_steel":1,"minecraft:wither_skeleton_skull":3,"minecraft:netherite_chestplate":1,"minecraft:sugar_cane":2,"create_sa:brass_jetpack_chestplate":1,"minecraft:netherrack":1,"minecraft:soul_sand":8,"minecraft:dirt":1,"create:encased_fan":2,"minecraft:nether_bricks":6,"minecraft:obsidian":2,"minecraft:netherite_shovel":118,"create:wrench":2,"tombstone:grave_key":4,"minecraft:gravel":2,"minecraft:diamond_sword":140,"minecraft:cobblestone":6,"create:shaft":1,"minecraft:soul_soil":2,"create_sa:portable_drill":1,"minecraft:netherite_pickaxe":812,"comforts:sleeping_bag_white":1,"farmersdelight:hamburger":20,"sophisticatedbackpacks:gold_backpack":1},"minecraft:dropped":{"minecraft:iron_ingot":10,"minecraft:blackstone":10,"minecraft:oak_log":1758,"minecraft:stone_sword":6,"minecraft:nether_star":1,"minecraft:cobblestone":3,"minecraft:rotten_flesh":6,"minecraft:granite":5,"minecraft:nether_bricks":4,"minecraft:flint_and_steel":1,"minecraft:dirt":6,"tombstone:bag_of_seeds":1,"alexsmobs:blood_sac":3,"minecraft:diorite":3,"minecraft:bundle":2,"minecraft:charcoal":128,"minecraft:andesite":97,"create:limestone":2,"minecraft:arrow":11,"minecraft:basalt":82,"minecraft:calcite":1,"minecraft:bucket":3},"minecraft:custom":{"minecraft:mob_kills":431,"minecraft:interact_with_crafting_table":5,"goblintraders:trade_with_goblin":30,"minecraft:damage_dealt_resisted":104,"minecraft:leave_game":9,"minecraft:time_since_death":3225,"minecraft:sleep_in_bed":1,"minecraft:climb_one_cm":1031,"minecraft:time_since_rest":2260,"minecraft:sprint_one_cm":69813,"minecraft:damage_taken":5486,"minecraft:walk_one_cm":145833,"minecraft:drop":64,"minecraft:damage_dealt":18284,"minecraft:damage_dealt_absorbed":50,"minecraft:swim_one_cm":17248,"minecraft:fly_one_cm":866679,"minecraft:open_chest":84,"minecraft:crouch_one_cm":14940,"minecraft:play_time":90117,"tombstone:undead_killed":68,"minecraft:deaths":7,"minecraft:sneak_time":3940,"minecraft:walk_under_water_one_cm":15824,"minecraft:jump":264,"tombstone:kill_undead_boss":1,"minecraft:walk_on_water_one_cm":2098,"minecraft:total_world_time":90117,"minecraft:fall_one_cm":40750},"minecraft:killed_by":{"minecraft:wither_skeleton":1,"minecraft:zombie":1,"minecraft:wither":2},"minecraft:crafted":{"minecraft:air":0,"minecraft:flint_and_steel":1,"create:encased_fan":1,"betterend:charcoal_block":195,"tombstone:grave_key":2,"minecraft:iron_ingot":9,"minecraft:gold_ingot":97,"create:propeller":1},"minecraft:killed":{"alexsmobs:dropbear":2,"minecraft:magma_cube":1,"minecraft:cave_spider":4,"minecraft:zombified_piglin":1,"alexsmobs:stradpole":1,"alexsmobs:crimson_mosquito":3,"minecraft:wither":1,"minecraft:skeleton":3,"minecraft:zombie":4,"alexsmobs:straddler":2,"minecraft:wither_skeleton":59,"minecraft:enderman":1,"minecraft:blaze":2},"minecraft:mined":{"minecraft:tuff":40,"minecraft:blackstone":7,"minecraft:soul_sand":108,"minecraft:deepslate_diamond_ore":4,"minecraft:basalt":103,"minecraft:nether_bricks":8,"minecraft:granite":5,"minecraft:calcite":2,"minecraft:soul_soil":2,"minecraft:deepslate_gold_ore":26,"minecraft:sugar_cane":26,"minecraft:diorite":3,"minecraft:spawner":1,"minecraft:iron_ore":11,"minecraft:fire":4,"minecraft:andesite":97,"minecraft:sand":2,"minecraft:gravel":6,"minecraft:dirt":8,"minecraft:cobweb":4,"minecraft:stone":132,"minecraft:netherrack":19,"create:limestone":2,"minecraft:gold_ore":11,"minecraft:deepslate":336}},"DataVersion":3465}