{"stats":{"minecraft:killed":{"minecraft:cave_spider":4,"alexsmobs:murmur":1,"minecraft:skeleton":141,"alexsmobs:straddler":12,"minecraft:magma_cube":29,"minecraft:zombie":50,"minecraft:cow":13,"alexsmobs:seagull":1,"minecraft:enderman":4,"minecraft:zombified_piglin":1,"minecraft:witch":5,"minecraft:spider":13,"minecraft:wither":1,"artifacts:mimic":2,"alexsmobs:stradpole":3,"minecraft:creeper":3,"alexsmobs:crimson_mosquito":5,"minecraft:ghast":1,"minecraft:blaze":27,"alexsmobs:bone_serpent":1,"alexsmobs:dropbear":2,"minecraft:slime":26,"minecraft:drowned":1,"minecraft:wither_skeleton":60},"minecraft:broken":{"minecraft:stone_hoe":4},"minecraft:custom":{"minecraft:interact_with_crafting_table":1191,"minecraft:open_barrel":10,"goblintraders:trade_with_goblin":309,"minecraft:leave_game":37,"minecraft:time_since_death":429215,"minecraft:play_time":1820205,"minecraft:deaths":9,"minecraft:jump":6503,"tombstone:kill_undead_boss":1,"minecraft:enchant_item":19,"minecraft:traded_with_villager":21,"minecraft:sleep_in_bed":79,"minecraft:damage_dealt":50236,"tombstone:use_disenchantment":3,"tombstone:undead_killed":256,"minecraft:interact_with_smoker":14,"minecraft:interact_with_smithing_table":4,"minecraft:inspect_hopper":113,"minecraft:damage_dealt_absorbed":50,"minecraft:sneak_time":62261,"minecraft:total_world_time":1820205,"tombstone:raider_killed":5,"minecraft:interact_with_stonecutter":46,"minecraft:time_since_rest":8277,"minecraft:swim_one_cm":249313,"minecraft:fly_one_cm":9079387,"minecraft:open_chest":1619,"minecraft:fall_one_cm":494667,"minecraft:sprint_one_cm":680338,"minecraft:drop":1079,"minecraft:talked_to_villager":41,"minecraft:walk_on_water_one_cm":199363,"minecraft:crouch_one_cm":140484,"minecraft:mob_kills":10552,"minecraft:damage_dealt_resisted":588,"minecraft:climb_one_cm":6384,"minecraft:walk_one_cm":3777257,"tombstone:consume_soul":3,"minecraft:walk_under_water_one_cm":91923,"minecraft:interact_with_grindstone":1,"minecraft:damage_taken":22141,"minecraft:trigger_trapped_chest":1},"minecraft:mined":{"minecraft:stripped_warped_stem":2,"minecraft:white_bed":2,"create:andesite_casing":10,"minecraft:granite":7,"minecraft:stone_brick_wall":10,"wildberries:raspberry_bush_stage_3":3,"minecraft:jungle_log":148,"minecraft:hopper":9,"create:belt":1,"minecraft:oxeye_daisy":1,"minecraft:nether_wart":67,"minecraft:chiseled_stone_bricks":14,"minecraft:spawner":1,"minecraft:tall_seagrass":2,"minecraft:magma_block":175,"minecraft:cobbled_deepslate":56,"minecraft:fire":20,"minecraft:deepslate_lapis_ore":3,"create:limestone":2,"minecraft:brown_mushroom":28,"minecraft:kelp_plant":40,"minecraft:crimson_nylium":4,"minecraft:torch":13,"minecraft:melon":3,"minecraft:spruce_wall_sign":4,"farmersdelight:cabbages":232,"minecraft:glass":31,"minecraft:sugar_cane":98,"wildberries:blackberry_bush_stage_3":1,"minecraft:spruce_sign":4,"create:basin":1,"minecraft:repeater":1,"minecraft:wheat":233,"minecraft:grass":826,"create:linear_chassis":1,"minecraft:piston":2,"minecraft:deepslate":345,"create:zinc_ore":50,"minecraft:deepslate_tiles":2,"minecraft:nether_bricks":8,"minecraft:spruce_fence":8,"minecraft:redstone_wire":1,"create:encased_fan":1,"minecraft:redstone_ore":3,"create:shaft":5,"minecraft:snow":71,"minecraft:andesite":891,"minecraft:vine":1,"minecraft:cobblestone_slab":1,"create:cart_assembler":1,"minecraft:rail":3,"minecraft:bamboo":587,"minecraft:oak_slab":1,"minecraft:soul_sand":115,"minecraft:dandelion":5,"create:fluid_pipe":15,"minecraft:tall_grass":83,"minecraft:copper_ore":25,"minecraft:deepslate_gold_ore":28,"minecraft:diorite":5,"alexsmobs:hummingbird_feeder":1,"create:water_wheel_structure":1,"create:gearbox":2,"minecraft:spruce_log":1082,"create:mechanical_drill":3,"minecraft:gravel":24,"minecraft:cobweb":4,"minecraft:stone_bricks":43,"minecraft:spruce_fence_gate":4,"create:andesite_funnel":1,"minecraft:gold_ore":18,"minecraft:fern":12,"create:deepslate_zinc_ore":246,"farmersdelight:rich_soil":2,"minecraft:farmland":311,"minecraft:spruce_trapdoor":13,"minecraft:grass_block":1860,"minecraft:soul_soil":2,"minecraft:warped_sign":1,"minecraft:composter":3,"comforts:sleeping_bag_white":1,"minecraft:glowstone":85,"minecraft:iron_ore":65,"minecraft:deepslate_redstone_ore":112,"minecraft:blackstone":16,"farmersdelight:organic_compost":6,"wildberries:blueberry_bush_stage_3":1,"minecraft:calcite":2,"minecraft:poppy":1,"minecraft:chest":4,"farmersdelight:brown_mushroom_colony":308,"minecraft:mushroom_stem":31,"minecraft:cobblestone":7,"minecraft:oak_planks":7,"minecraft:wall_torch":5,"minecraft:warped_nylium":1,"minecraft:birch_log":5,"minecraft:tnt":1,"minecraft:oak_log":16,"minecraft:sand":12,"minecraft:dirt":1101,"create:encased_chain_drive":1,"minecraft:netherrack":953,"minecraft:ancient_debris":8,"create:crimsite":2,"minecraft:oak_leaves":6,"create:brass_funnel":2,"minecraft:tuff":45,"farmersdelight:onions":229,"minecraft:deepslate_diamond_ore":34,"minecraft:glow_lichen":1,"minecraft:lever":4,"create:large_cogwheel":1,"create:depot":1,"minecraft:brown_mushroom_block":225,"minecraft:oak_trapdoor":1,"minecraft:spruce_sapling":16,"minecraft:carrots":87,"minecraft:stripped_spruce_log":13,"minecraft:deepslate_iron_ore":21,"minecraft:packed_ice":10,"createaddition:large_connector":7,"minecraft:stone":1543,"minecraft:redstone_wall_torch":1,"minecraft:basalt":151,"minecraft:crafting_table":1,"minecraft:cactus":4,"minecraft:ice":1368,"minecraft:coal_ore":49,"minecraft:polished_andesite":1},"minecraft:used":{"create:deployer":95,"minecraft:spruce_slab":2,"sophisticatedbackpacks:copper_backpack":3,"farmersdelight:cabbage_seeds":231,"minecraft:chest":48,"minecraft:stone":73,"minecraft:warped_sign":33,"create:fluid_tank":57,"minecraft:soul_sand":94,"create:mechanical_crafter":31,"create:depot":12,"minecraft:snowball":3,"minecraft:packed_ice":102,"minecraft:lava_bucket":22,"minecraft:netherite_shovel":3368,"create:andesite_funnel":35,"minecraft:netherite_boots":1,"create:rotation_speed_controller":4,"create:shaft":177,"minecraft:oak_sapling":2,"create:steam_engine":2,"minecraft:furnace":1,"create_power_loader:brass_chunk_loader":5,"minecraft:egg":1,"farmersdelight:hamburger":111,"minecraft:cactus":5,"minecraft:composter":24,"minecraft:oak_leaves":1,"create:spout":3,"minecraft:sand":4,"minecraft:netherite_helmet":2,"minecraft:deepslate_tiles":99,"createaddition:gold_spool":52,"create:adjustable_chain_gearshift":6,"minecraft:diamond_sword":203,"create:basin":8,"minecraft:ice":7,"minecraft:oak_trapdoor":73,"minecraft:netherrack":242,"minecraft:torch":246,"farmersdelight:beef_patty":1,"create:wrench":968,"create:gearbox":41,"minecraft:bamboo":95,"create:encased_chain_drive":21,"minecraft:basalt":2,"create:fluid_pipe":78,"tombstone:gift":1,"comforts:sleeping_bag_white":79,"minecraft:cobbled_deepslate":27,"create:belt_connector":62,"create:smart_fluid_pipe":2,"sophisticatedbackpacks:gold_backpack":6,"createaddition:large_connector":34,"minecraft:wheat_seeds":236,"minecraft:chiseled_bookshelf":6,"minecraft:water_bucket":141,"minecraft:warped_stem":2,"minecraft:spruce_fence_gate":10,"create:blaze_burner":3,"create:furnace_minecart_contraption":17,"minecraft:rail":30,"create:encased_fan":5,"minecraft:oak_slab":76,"minecraft:crafting_table":9,"minecraft:white_bed":26,"minecraft:mushroom_stem":3,"minecraft:oak_log":43,"minecraft:diamond_pickaxe":2378,"create:water_wheel":1,"minecraft:spruce_trapdoor":62,"minecraft:spruce_sapling":76,"minecraft:chiseled_stone_bricks":52,"minecraft:enchanted_book":62,"minecraft:cobblestone":16,"minecraft:potion":1,"create_sa:portable_drill":1,"create:clutch":1,"minecraft:stripped_oak_log":25,"minecraft:nether_wart":147,"create:cogwheel":54,"minecraft:nether_bricks":6,"minecraft:carrot":387,"minecraft:furnace_minecart":4,"minecraft:obsidian":4,"minecraft:glass":477,"create:millstone":14,"minecraft:stone_bricks":289,"createaddition:electric_motor":1,"minecraft:repeater":17,"farmersdelight:cutting_board":1,"create:mechanical_drill":413,"create:crushing_wheel":2,"minecraft:wither_skeleton_skull":3,"minecraft:oak_planks":23,"minecraft:diamond_axe":257,"minecraft:sugar_cane":41,"farmersdelight:organic_compost":324,"create_sa:brass_jetpack_chestplate":6,"createaddition:rolling_mill":1,"minecraft:stone_brick_wall":134,"minecraft:shears":1,"minecraft:redstone_torch":5,"minecraft:lever":30,"vinery:grass_slab":36,"tombstone:grave_key":6,"minecraft:gravel":5,"minecraft:grindstone":1,"minecraft:andesite":3,"create:vertical_gearbox":13,"minecraft:bone_meal":2428,"create:large_cogwheel":3,"minecraft:netherite_sword":919,"farmersdelight:diamond_knife":695,"minecraft:flint_and_steel":2,"create:item_vault":86,"minecraft:redstone":9,"minecraft:dried_kelp":2,"farmersdelight:rich_soil":2,"minecraft:stone_hoe":710,"wildberries:raspberry":9,"create:mechanical_pump":44,"minecraft:dirt":1171,"create:mechanical_mixer":3,"minecraft:hopper":41,"createaddition:modular_accumulator":55,"create:attribute_filter":4,"create:mechanical_plough":1,"minecraft:spruce_fence":24,"create:chute":40,"create:cart_assembler":9,"minecraft:golden_carrot":27,"create:radial_chassis":12,"alexsmobs:hummingbird_feeder":1,"minecraft:soul_soil":2,"minecraft:netherite_pickaxe":4515,"create:gearshift":10,"wildberries:blackberry":3,"minecraft:netherite_chestplate":1,"minecraft:polished_andesite":1,"create:empty_blaze_burner":7,"minecraft:brown_mushroom":338,"minecraft:spruce_sign":8,"minecraft:stonecutter":1,"minecraft:cobblestone_slab":5,"farmersdelight:onion":231,"create:brass_funnel":61,"createaddition:alternator":1,"minecraft:piston":6,"create:linear_chassis":449,"supplementaries:cage":15,"create:mechanical_press":6,"minecraft:netherite_axe":1382,"create_sa:block_picker":2,"create:large_water_wheel":39,"minecraft:bucket":156,"create_nj:netherite_jetpack_chestplate":1},"minecraft:crafted":{"minecraft:blaze_powder":100,"create:brass_nugget":9,"minecraft:lever":15,"create:item_vault":122,"create:radial_chassis":15,"create:rotation_speed_controller":1,"minecraft:diamond_helmet":1,"create:andesite_funnel":16,"minecraft:repeater":32,"create:mechanical_press":1,"create:brass_funnel":10,"create:cogwheel":410,"minecraft:glass_bottle":3,"create:rose_quartz":74,"minecraft:emerald":19,"minecraft:diamond_axe":1,"create:adjustable_chain_gearshift":2,"minecraft:copper_ingot":693,"create:attribute_filter":1,"farmersdelight:organic_compost":320,"create:encased_chain_drive":15,"create:mechanical_mixer":2,"farmersdelight:beef_patty":14,"create:clutch":1,"createaddition:spool":48,"create:gearbox":31,"create:encased_fan":5,"minecraft:stone_slab":6,"vinery:grass_slab":30,"minecraft:iron_block":93,"minecraft:gold_ingot":409,"create:large_cogwheel":129,"create:propeller":1,"minecraft:netherite_ingot":23,"minecraft:composter":25,"minecraft:spruce_fence_gate":6,"storagedrawers:upgrade_template":4,"minecraft:packed_ice":110,"tombstone:book_of_disenchantment":3,"minecraft:iron_nugget":4391,"sophisticatedbackpacks:stack_upgrade_tier_3":1,"create:white_sail":34,"sophisticatedbackpacks:stack_upgrade_tier_1":1,"minecraft:bone_meal":2844,"minecraft:spruce_fence":72,"storagedrawers:oak_half_drawers_1":1,"storagedrawers:emerald_storage_upgrade":3,"minecraft:netherite_axe":1,"betterend:charcoal_block":195,"minecraft:redstone_block":105,"create:electron_tube":48,"create:belt_connector":14,"create:windmill_bearing":1,"farmersdelight:hamburger":99,"create:dough":2,"minecraft:deepslate_tiles":144,"createaddition:large_connector":20,"create:andesite_alloy_block":192,"minecraft:warped_sign":33,"minecraft:white_bed":24,"create:shaft":632,"createaddition:modular_accumulator":192,"createaddition:gold_spool":28,"minecraft:grindstone":1,"createaddition:capacitor":388,"minecraft:oak_planks":3149,"minecraft:cobblestone_slab":18,"minecraft:barrel":204,"createaddition:rolling_mill":1,"create:mechanical_bearing":1,"create:deployer":36,"minecraft:warped_planks":72,"minecraft:bamboo_block":518,"minecraft:hopper":23,"create:cart_assembler":1,"tombstone:grave_key":3,"minecraft:chest":42,"create:spout":3,"minecraft:netherite_upgrade_smithing_template":4,"minecraft:chiseled_stone_bricks":24,"minecraft:stone_hoe":7,"minecraft:stone_bricks":384,"create:brass_hand":36,"minecraft:respawn_anchor":3,"minecraft:oak_slab":612,"create:depot":7,"minecraft:crafting_table":19,"minecraft:spruce_planks":520,"create:fluid_pipe":32,"minecraft:gold_block":51,"create:gearshift":5,"sophisticatedbackpacks:upgrade_base":1,"farmersdelight:cutting_board":1,"minecraft:spruce_trapdoor":58,"minecraft:book":37,"minecraft:paper":111,"create:water_wheel":9,"create:super_glue":1,"minecraft:stick":538,"create:mechanical_pump":11,"minecraft:iron_ingot":1667,"minecraft:redstone_torch":470,"minecraft:deepslate_bricks":144,"minecraft:shears":3,"create:empty_blaze_burner":8,"create:chute":24,"minecraft:redstone":189,"minecraft:stone_brick_wall":36,"minecraft:netherite_sword":1,"minecraft:piston":10,"createaddition:copper_spool":10,"minecraft:diamond_block":9,"minecraft:oak_trapdoor":80,"minecraft:flint_and_steel":1,"minecraft:blue_ice":2,"minecraft:polished_deepslate":144,"minecraft:slime_ball":10,"create:millstone":7,"minecraft:lime_dye":10,"create:fluid_tank":100,"minecraft:chiseled_bookshelf":6,"sophisticatedbackpacks:stack_upgrade_tier_2":1,"create:basin":3,"minecraft:netherite_scrap":90,"minecraft:sugar":1,"create:andesite_alloy":2737,"minecraft:spruce_sign":9,"create:large_water_wheel":9,"minecraft:bucket":6,"minecraft:air":0,"minecraft:bread":111,"minecraft:white_wool":13,"create:whisk":2,"minecraft:white_dye":14,"create:linear_chassis":153,"create:mechanical_crafter":9,"minecraft:stonecutter":1,"create:mechanical_drill":155,"supplementaries:flint_block":7,"minecraft:torch":244,"create:smart_fluid_pipe":2},"minecraft:picked_up":{"minecraft:diamond_sword":1,"minecraft:stone_slab":6,"minecraft:wither_rose":1,"alexsmobs:bone_serpent_tooth":3,"minecraft:golden_sword":8,"minecraft:string":45,"wildberries:raspberry":8,"minecraft:soul_soil":2,"create:limestone":2,"create:cart_assembler":1,"minecraft:cobbled_deepslate":259,"minecraft:spruce_planks":12,"minecraft:golden_helmet":1,"minecraft:composter":3,"createaddition:large_connector":7,"create:andesite_casing":11,"minecraft:stone_sword":6,"farmersdelight:onion":1169,"minecraft:glowstone":85,"supplementaries:ash":9,"minecraft:blaze_rod":62,"minecraft:snowball":94,"alexsmobs:flying_fish":2,"minecraft:birch_log":5,"minecraft:furnace_minecart":2,"minecraft:magma_block":111,"minecraft:feather":2,"minecraft:jungle_log":32,"minecraft:brown_wool":9,"minecraft:flint":892,"create:cinder_flour":672,"artifacts:shock_pendant":1,"create:encased_chain_drive":1,"create:mechanical_plough":1,"minecraft:stripped_bamboo_block":511,"create:mechanical_drill":3,"create:shaft":36,"minecraft:diamond_helmet":1,"create:gearshift":1,"tombstone:scroll_of_feather_fall":1,"minecraft:stripped_spruce_log":13,"minecraft:bundle":2,"minecraft:polished_andesite":49,"create:crimsite":2,"minecraft:lever":12,"minecraft:granite":5,"alexsmobs:maggot":1,"create:precision_mechanism":3,"create:copper_sheet":117,"minecraft:crafting_table":1,"minecraft:nether_wart":327,"minecraft:clay_ball":2,"minecraft:leather_leggings":1,"tombstone:scroll_of_preservation":1,"paraglider:heart_container":4,"create:fluid_pipe":20,"minecraft:flint_and_steel":2,"minecraft:respawn_anchor":1,"create:brass_funnel":5,"minecraft:stripped_warped_stem":2,"minecraft:beef":51,"minecraft:jungle_sapling":8,"minecraft:iron_nugget":119,"minecraft:spruce_slab":2,"minecraft:chest":5,"minecraft:birch_sapling":5,"minecraft:piston":2,"minecraft:stone":1001,"farmersdelight:minced_beef":102,"alexsmobs:straddlite":3,"minecraft:spruce_fence":7,"minecraft:carrot":540,"minecraft:redstone":103,"minecraft:mushroom_stem":3,"create:brass_casing":69,"create:steam_engine":1,"create:vertical_gearbox":5,"minecraft:warped_sign":1,"create:depot":2,"tombstone:essence_of_undeath":1,"minecraft:gold_ingot":41,"sophisticatedbackpacks:copper_backpack":1,"minecraft:oxeye_daisy":1,"minecraft:rail":14,"minecraft:bone_block":10,"minecraft:white_wool":70,"minecraft:stripped_oak_log":1531,"create:iron_sheet":1,"wildberries:blackberry":3,"minecraft:oak_log":1159,"minecraft:ancient_debris":8,"tombstone:gift":1,"farmersdelight:organic_compost":6,"create:crushing_wheel":2,"minecraft:stone_bricks":39,"minecraft:kelp":344,"tombstone:bag_of_seeds":1,"minecraft:glass_bottle":4,"minecraft:gravel":792,"minecraft:spruce_sapling":360,"minecraft:spruce_log":1990,"minecraft:crying_obsidian":64,"create:millstone":4,"minecraft:slime_ball":56,"hauntedharvest:rotten_apple":1,"create:mechanical_pump":2,"minecraft:warped_roots":2,"minecraft:hopper":9,"minecraft:ender_pearl":10,"minecraft:wheat":228,"minecraft:potion":1,"create:andesite_funnel":3,"alexsmobs:dropbear_claw":5,"minecraft:deepslate_tiles":2,"alexsmobs:blood_sac":5,"farmersdelight:cabbage":230,"alexsmobs:banana":1,"minecraft:bucket":3,"comforts:sleeping_bag_white":79,"minecraft:redstone_torch":1,"minecraft:cobblestone_slab":1,"minecraft:calcite":1,"farmersdelight:cabbage_seeds":640,"vinery:jungle_grape_seeds_white":2,"minecraft:stick":175,"create:dough":17,"minecraft:torch":29,"create_sa:large_fueling_tank":1,"minecraft:dried_kelp":344,"tombstone:grave_dust":30,"minecraft:diorite":3,"minecraft:cactus":6,"minecraft:rotten_flesh":68,"farmersdelight:tree_bark":1504,"minecraft:obsidian":128,"minecraft:blaze_powder":16,"minecraft:cobblestone":19074,"minecraft:magma_cream":15,"minecraft:repeater":1,"minecraft:andesite":934,"minecraft:golden_leggings":1,"minecraft:potato":1,"paraglider:spirit_orb":2,"create:belt_connector":2,"minecraft:tuff":42,"create:raw_zinc":102,"minecraft:wither_skeleton_skull":3,"minecraft:dirt":2970,"minecraft:leather_boots":2,"minecraft:glass":40,"minecraft:bone":559,"minecraft:bow":15,"minecraft:wheat_seeds":711,"minecraft:raw_gold":32,"minecraft:bamboo":5044,"minecraft:oak_planks":138,"create:cogwheel":2,"minecraft:sand":90,"minecraft:melon":3,"minecraft:grass_block":27,"minecraft:spruce_fence_gate":4,"minecraft:diamond":8,"minecraft:spruce_sign":4,"minecraft:oak_sapling":10,"minecraft:netherrack":1063,"minecraft:nether_star":1,"minecraft:oak_leaves":1,"minecraft:cocoa_beans":3,"minecraft:charcoal":1886,"minecraft:packed_ice":10,"minecraft:brown_mushroom":1538,"minecraft:stone_brick_wall":8,"alexsmobs:hummingbird_feeder":1,"minecraft:oak_trapdoor":1,"minecraft:blackstone":11,"farmersdelight:straw":639,"create:basin":1,"minecraft:light_gray_wool":5,"minecraft:sugar_cane":178,"minecraft:spruce_trapdoor":12,"create:linear_chassis":2,"minecraft:raw_iron":47,"create:golden_sheet":1,"minecraft:copper_ingot":20,"create_nj:netherite_jetpack_chestplate":1,"create:zinc_ingot":1080,"minecraft:arrow":254,"minecraft:nether_bricks":10,"minecraft:pink_tulip":1,"farmersdelight:rich_soil":2,"minecraft:basalt":98,"supplementaries:flint_block":16,"minecraft:leather":38,"wildberries:blueberries":2,"minecraft:ice":1001,"minecraft:gunpowder":12,"artifacts:cloud_in_a_bottle":1,"minecraft:iron_ingot":7,"minecraft:soul_sand":261,"minecraft:green_dye":6,"minecraft:oak_slab":1,"create:large_water_wheel":8,"minecraft:chiseled_stone_bricks":12,"minecraft:dandelion":5,"minecraft:lava_bucket":3,"minecraft:white_bed":2,"minecraft:spider_eye":33,"create:wheat_flour":19,"create:brass_ingot":3,"create:encased_fan":1,"tombstone:magic_scroll":4,"minecraft:coal":106},"minecraft:killed_by":{"minecraft:zombie":1,"minecraft:wither":2,"minecraft:wither_skeleton":1,"minecraft:skeleton":1},"minecraft:dropped":{"minecraft:lapis_lazuli":192,"minecraft:glow_ink_sac":256,"minecraft:warped_roots":2,"create:cogwheel":1,"minecraft:dirt":177,"minecraft:sand":146,"minecraft:sugar":2,"minecraft:white_wool":1,"minecraft:bone":18,"minecraft:iron_nugget":7,"minecraft:cobbled_deepslate":18,"minecraft:birch_sapling":5,"minecraft:wheat":12,"minecraft:obsidian":64,"minecraft:rotten_flesh":44,"minecraft:oak_planks":130,"minecraft:blaze_powder":116,"alexsmobs:blood_sac":3,"minecraft:charcoal":128,"minecraft:jungle_log":32,"minecraft:leather_boots":2,"create:limestone":2,"minecraft:egg":2,"minecraft:iron_ingot":424,"minecraft:wheat_seeds":152,"minecraft:feather":1,"minecraft:cobblestone":25918,"minecraft:granite":5,"minecraft:polished_andesite":12,"minecraft:oxeye_daisy":1,"minecraft:lava_bucket":1,"minecraft:diamond_helmet":1,"create:mechanical_plough":1,"minecraft:string":7,"create:raw_zinc":1080,"minecraft:pink_tulip":1,"minecraft:spruce_sapling":60,"create:brass_funnel":4,"minecraft:stone_sword":6,"hauntedharvest:rotten_apple":1,"minecraft:clay_ball":2,"minecraft:nether_bricks":4,"create:copper_sheet":38,"minecraft:diamond_sword":1,"minecraft:spruce_planks":12,"minecraft:bundle":2,"create:zinc_ingot":388,"minecraft:spider_eye":15,"minecraft:bamboo":16,"minecraft:bow":15,"minecraft:magma_block":431,"create:andesite_funnel":2,"minecraft:soul_sand":9,"minecraft:brown_mushroom":21,"minecraft:oak_log":1758,"minecraft:nether_star":1,"create:crimsite":2,"minecraft:flint":1337,"tombstone:bag_of_seeds":1,"minecraft:snowball":10,"create:iron_sheet":1,"minecraft:gold_ingot":248,"minecraft:gravel":1317,"minecraft:blackstone":13,"minecraft:carrot":240,"supplementaries:ash":9,"minecraft:gunpowder":3,"minecraft:chest":1,"create:brass_ingot":93,"create:wheat_flour":17,"minecraft:basalt":96,"minecraft:arrow":243,"minecraft:netherrack":3916,"create:powdered_obsidian":3,"minecraft:stone_hoe":1,"minecraft:bread":9,"minecraft:golden_helmet":1,"farmersdelight:tree_bark":32,"minecraft:copper_ingot":820,"minecraft:grass_block":6,"minecraft:stick":1,"create:cinder_flour":851,"minecraft:diorite":3,"tombstone:magic_scroll":3,"minecraft:torch":2,"minecraft:brown_wool":1,"tombstone:grave_dust":2,"minecraft:cactus":3,"minecraft:bucket":16,"minecraft:dandelion":4,"minecraft:kelp":344,"create:shaft":12,"minecraft:nether_wart":234,"minecraft:flint_and_steel":1,"supplementaries:flint_block":115,"minecraft:andesite":743,"minecraft:oak_sapling":4,"minecraft:golden_sword":8,"minecraft:raw_gold":1,"minecraft:calcite":1,"create:golden_sheet":200}},"DataVersion":3465}