{"stats":{"minecraft:picked_up":{"minecraft:charcoal":1886,"minecraft:gravel":2,"minecraft:flint":1,"minecraft:soul_soil":2,"alexsmobs:dropbear_claw":5,"alexsmobs:blood_sac":1,"comforts:sleeping_bag_white":1,"minecraft:sugar_cane":43,"minecraft:soul_sand":65,"alexsmobs:flying_fish":1},"minecraft:used":{"minecraft:netherite_shovel":70,"minecraft:flint_and_steel":1,"create:wrench":2,"minecraft:gravel":2,"minecraft:sugar_cane":2,"minecraft:netherrack":1,"minecraft:diamond_sword":17,"minecraft:soul_sand":1,"create:encased_fan":2,"minecraft:soul_soil":2,"create:shaft":1,"minecraft:netherite_pickaxe":1,"comforts:sleeping_bag_white":1,"minecraft:obsidian":2,"farmersdelight:hamburger":4,"sophisticatedbackpacks:gold_backpack":1},"minecraft:dropped":{"minecraft:iron_ingot":10,"alexsmobs:blood_sac":1,"minecraft:oak_log":1758,"minecraft:charcoal":128},"minecraft:custom":{"minecraft:time_since_rest":13445,"minecraft:sprint_one_cm":10666,"minecraft:walk_one_cm":53337,"minecraft:damage_taken":566,"minecraft:mob_kills":352,"minecraft:drop":32,"minecraft:damage_dealt":1142,"minecraft:interact_with_crafting_table":5,"minecraft:swim_one_cm":4089,"minecraft:fly_one_cm":269079,"minecraft:open_chest":69,"minecraft:crouch_one_cm":1724,"minecraft:play_time":42683,"tombstone:undead_killed":1,"minecraft:deaths":1,"minecraft:sneak_time":731,"minecraft:walk_under_water_one_cm":7067,"minecraft:jump":76,"minecraft:leave_game":5,"minecraft:time_since_death":28293,"minecraft:walk_on_water_one_cm":1141,"minecraft:sleep_in_bed":1,"minecraft:total_world_time":42683,"minecraft:climb_one_cm":1031,"minecraft:fall_one_cm":12114},"minecraft:crafted":{"create:encased_fan":1,"betterend:charcoal_block":195,"minecraft:iron_ingot":9,"minecraft:gold_ingot":7,"create:propeller":1,"minecraft:flint_and_steel":1},"minecraft:killed":{"alexsmobs:dropbear":2,"minecraft:zombified_piglin":1,"alexsmobs:crimson_mosquito":1,"minecraft:enderman":1},"minecraft:mined":{"minecraft:soul_sand":66,"minecraft:gravel":3,"minecraft:dirt":1,"minecraft:soul_soil":2,"minecraft:sugar_cane":26}},"DataVersion":3465}