{"stats":{"minecraft:picked_up":{"alexsmobs:dropbear_claw":5},"minecraft:used":{"minecraft:netherrack":1,"minecraft:diamond_sword":8,"farmersdelight:hamburger":3},"minecraft:custom":{"minecraft:time_since_rest":1894,"minecraft:open_chest":7,"minecraft:deaths":1,"minecraft:crouch_one_cm":1553,"minecraft:sprint_one_cm":2355,"minecraft:play_time":18683,"tombstone:undead_killed":1,"minecraft:damage_taken":339,"minecraft:walk_one_cm":13297,"minecraft:sneak_time":491,"minecraft:mob_kills":350,"minecraft:jump":35,"minecraft:damage_dealt":642,"minecraft:leave_game":5,"minecraft:time_since_death":4293,"minecraft:total_world_time":18683,"minecraft:interact_with_crafting_table":1,"minecraft:fall_one_cm":6629,"minecraft:fly_one_cm":38286},"minecraft:crafted":{"minecraft:gold_ingot":7},"minecraft:killed":{"alexsmobs:dropbear":2,"minecraft:zombified_piglin":1}},"DataVersion":3465}