{"stats":{"minecraft:picked_up":{"minecraft:charcoal":1886,"minecraft:wither_rose":1,"tombstone:scroll_of_preservation":1,"paraglider:heart_container":4,"minecraft:string":16,"minecraft:soul_soil":2,"create:limestone":2,"minecraft:flint_and_steel":1,"minecraft:blackstone":8,"alexsmobs:dropbear_claw":5,"alexsmobs:blood_sac":3,"minecraft:cobbled_deepslate":205,"comforts:sleeping_bag_white":6,"minecraft:calcite":1,"create:basin":1,"minecraft:sugar_cane":43,"alexsmobs:straddlite":1,"minecraft:diorite":3,"tombstone:grave_dust":5,"create_nj:netherite_jetpack_chestplate":1,"create:zinc_ingot":434,"minecraft:stone_sword":6,"minecraft:arrow":14,"minecraft:rotten_flesh":7,"minecraft:nether_bricks":10,"create:depot":1,"minecraft:blaze_rod":6,"minecraft:cobblestone":72,"alexsmobs:flying_fish":1,"minecraft:basalt":82,"paraglider:spirit_orb":2,"minecraft:flint":4,"minecraft:tuff":40,"minecraft:gunpowder":2,"minecraft:wither_skeleton_skull":3,"minecraft:dirt":7,"tombstone:gift":1,"minecraft:bone":126,"minecraft:raw_gold":31,"tombstone:bag_of_seeds":1,"minecraft:soul_sand":100,"tombstone:scroll_of_feather_fall":1,"minecraft:gravel":2,"minecraft:spider_eye":7,"minecraft:bundle":2,"create:brass_ingot":3,"minecraft:diamond":3,"minecraft:granite":5,"minecraft:coal":100,"minecraft:netherrack":13,"minecraft:nether_star":1},"minecraft:used":{"minecraft:flint_and_steel":1,"minecraft:netherrack":1,"create:mechanical_pump":2,"minecraft:dirt":1,"minecraft:soul_sand":8,"create:cogwheel":1,"minecraft:nether_bricks":6,"create:depot":1,"minecraft:obsidian":2,"minecraft:netherite_shovel":118,"create:wrench":25,"create:gearbox":4,"create:shaft":13,"minecraft:soul_soil":2,"minecraft:netherite_pickaxe":815,"comforts:sleeping_bag_white":6,"minecraft:egg":1,"farmersdelight:hamburger":26,"sophisticatedbackpacks:gold_backpack":2,"minecraft:wither_skeleton_skull":3,"minecraft:netherite_chestplate":1,"minecraft:sugar_cane":2,"create_sa:brass_jetpack_chestplate":5,"create:encased_fan":2,"minecraft:lever":1,"tombstone:grave_key":4,"minecraft:gravel":2,"minecraft:diamond_sword":146,"create:basin":2,"minecraft:cobblestone":6,"create_sa:portable_drill":1,"create_nj:netherite_jetpack_chestplate":1},"minecraft:dropped":{"minecraft:iron_ingot":10,"minecraft:oak_log":1758,"minecraft:nether_star":1,"minecraft:cobblestone":3,"minecraft:granite":5,"create:cinder_flour":2,"minecraft:dirt":6,"tombstone:bag_of_seeds":1,"minecraft:diorite":3,"minecraft:sugar":2,"minecraft:bucket":3,"create:raw_zinc":434,"minecraft:gold_ingot":3,"minecraft:blackstone":10,"minecraft:stone_sword":6,"minecraft:rotten_flesh":7,"minecraft:nether_bricks":4,"minecraft:flint_and_steel":1,"alexsmobs:blood_sac":3,"minecraft:bundle":2,"minecraft:charcoal":128,"minecraft:andesite":97,"create:limestone":2,"create:brass_ingot":9,"minecraft:basalt":82,"minecraft:arrow":14,"minecraft:calcite":1,"create:powdered_obsidian":3,"minecraft:egg":2},"minecraft:custom":{"minecraft:mob_kills":2996,"minecraft:inspect_hopper":6,"minecraft:interact_with_crafting_table":14,"goblintraders:trade_with_goblin":30,"minecraft:damage_dealt_resisted":104,"minecraft:leave_game":11,"minecraft:time_since_death":109612,"minecraft:climb_one_cm":1311,"minecraft:sprint_one_cm":94859,"minecraft:walk_one_cm":215571,"tombstone:consume_soul":2,"minecraft:drop":84,"minecraft:damage_dealt_absorbed":50,"minecraft:play_time":196504,"minecraft:deaths":7,"minecraft:sneak_time":4257,"minecraft:walk_under_water_one_cm":15824,"minecraft:jump":433,"tombstone:kill_undead_boss":1,"minecraft:walk_on_water_one_cm":2224,"minecraft:total_world_time":196504,"minecraft:sleep_in_bed":6,"minecraft:time_since_rest":1219,"minecraft:damage_taken":6244,"minecraft:damage_dealt":19019,"tombstone:use_disenchantment":2,"minecraft:fly_one_cm":1237527,"minecraft:swim_one_cm":17248,"minecraft:open_chest":184,"minecraft:crouch_one_cm":15439,"tombstone:undead_killed":70,"minecraft:interact_with_smoker":1,"minecraft:fall_one_cm":60257},"minecraft:killed_by":{"minecraft:wither_skeleton":1,"minecraft:zombie":1,"minecraft:wither":2},"minecraft:crafted":{"minecraft:lever":1,"minecraft:flint_and_steel":1,"tombstone:grave_key":2,"betterend:charcoal_block":195,"create:cogwheel":2,"create:brass_hand":16,"minecraft:sugar":1,"create:andesite_alloy":36,"minecraft:gold_block":44,"minecraft:air":0,"create:encased_fan":3,"minecraft:book":2,"minecraft:paper":6,"minecraft:iron_ingot":9,"minecraft:gold_ingot":97,"create:propeller":1,"tombstone:book_of_disenchantment":2},"minecraft:killed":{"alexsmobs:dropbear":2,"minecraft:cave_spider":4,"minecraft:zombified_piglin":1,"minecraft:wither":1,"minecraft:skeleton":4,"alexsmobs:straddler":2,"minecraft:magma_cube":1,"alexsmobs:stradpole":1,"minecraft:creeper":1,"alexsmobs:crimson_mosquito":3,"minecraft:zombie":5,"minecraft:wither_skeleton":59,"minecraft:enderman":1,"minecraft:blaze":2},"minecraft:mined":{"minecraft:tuff":40,"minecraft:deepslate_diamond_ore":4,"minecraft:nether_bricks":8,"minecraft:granite":5,"create:depot":1,"minecraft:soul_soil":2,"minecraft:spawner":1,"minecraft:iron_ore":11,"minecraft:fire":4,"minecraft:andesite":97,"minecraft:stone":132,"create:limestone":2,"minecraft:blackstone":7,"minecraft:soul_sand":108,"minecraft:basalt":103,"minecraft:calcite":2,"minecraft:deepslate_gold_ore":26,"minecraft:sugar_cane":26,"minecraft:diorite":3,"create:basin":1,"minecraft:ice":2,"minecraft:gravel":6,"minecraft:sand":2,"minecraft:dirt":8,"minecraft:cobweb":4,"minecraft:netherrack":19,"minecraft:gold_ore":11,"minecraft:deepslate":336}},"DataVersion":3465}