{"stats":{"minecraft:picked_up":{"minecraft:charcoal":1886,"minecraft:wheat":1,"minecraft:diamond_sword":1,"minecraft:wither_rose":1,"tombstone:scroll_of_preservation":1,"paraglider:heart_container":4,"minecraft:string":16,"minecraft:soul_soil":2,"create:limestone":2,"minecraft:flint_and_steel":1,"minecraft:blackstone":9,"alexsmobs:dropbear_claw":5,"alexsmobs:blood_sac":5,"create:cart_assembler":1,"minecraft:cobbled_deepslate":205,"minecraft:stripped_warped_stem":2,"comforts:sleeping_bag_white":11,"minecraft:calcite":1,"create:basin":1,"minecraft:iron_nugget":1,"minecraft:sugar_cane":84,"minecraft:chest":1,"create:linear_chassis":1,"minecraft:raw_iron":21,"minecraft:torch":3,"alexsmobs:straddlite":1,"tombstone:grave_dust":7,"minecraft:diorite":3,"create_nj:netherite_jetpack_chestplate":1,"create:zinc_ingot":434,"minecraft:stone_sword":6,"minecraft:arrow":18,"minecraft:cactus":1,"minecraft:rotten_flesh":7,"farmersdelight:tree_bark":224,"minecraft:nether_bricks":10,"create:depot":1,"minecraft:blaze_rod":6,"minecraft:snowball":35,"minecraft:rail":14,"alexsmobs:flying_fish":1,"minecraft:cobblestone":73,"minecraft:stripped_oak_log":224,"minecraft:furnace_minecart":2,"minecraft:magma_block":111,"minecraft:basalt":82,"minecraft:golden_leggings":1,"paraglider:spirit_orb":2,"minecraft:flint":6,"minecraft:tuff":40,"minecraft:ancient_debris":3,"minecraft:gunpowder":2,"minecraft:wither_skeleton_skull":3,"minecraft:dirt":21,"tombstone:gift":1,"create:mechanical_plough":1,"minecraft:bone":131,"minecraft:wheat_seeds":10,"minecraft:raw_gold":31,"create:mechanical_drill":3,"minecraft:iron_ingot":3,"tombstone:bag_of_seeds":1,"minecraft:soul_sand":109,"minecraft:green_dye":2,"minecraft:dandelion":2,"tombstone:scroll_of_feather_fall":1,"minecraft:gravel":2,"minecraft:sand":8,"minecraft:spider_eye":7,"create:wheat_flour":2,"minecraft:bundle":2,"create:brass_ingot":3,"minecraft:diamond":3,"minecraft:lever":4,"minecraft:granite":5,"minecraft:netherrack":590,"minecraft:coal":100,"minecraft:nether_star":1},"minecraft:used":{"create:deployer":94,"minecraft:flint_and_steel":1,"minecraft:chest":28,"minecraft:stone_hoe":3,"minecraft:netherrack":28,"minecraft:torch":33,"minecraft:soul_sand":8,"minecraft:dirt":12,"create:mechanical_pump":2,"create:cogwheel":1,"minecraft:nether_bricks":6,"create:mechanical_plough":1,"minecraft:furnace_minecart":3,"create:depot":1,"minecraft:obsidian":2,"minecraft:lava_bucket":1,"minecraft:netherite_shovel":171,"create:wrench":115,"create:gearbox":4,"create:cart_assembler":8,"create:shaft":13,"minecraft:soul_soil":2,"create:mechanical_drill":394,"minecraft:netherite_pickaxe":2593,"minecraft:egg":1,"comforts:sleeping_bag_white":11,"farmersdelight:hamburger":36,"sophisticatedbackpacks:gold_backpack":2,"minecraft:wheat_seeds":2,"minecraft:warped_stem":2,"minecraft:wither_skeleton_skull":3,"minecraft:netherite_chestplate":1,"minecraft:cactus":2,"minecraft:diamond_axe":10,"minecraft:sugar_cane":40,"create:furnace_minecart_contraption":16,"create_sa:brass_jetpack_chestplate":5,"minecraft:sand":4,"minecraft:rail":29,"create:encased_fan":2,"create:linear_chassis":437,"minecraft:lever":10,"tombstone:grave_key":4,"minecraft:gravel":2,"create:basin":2,"minecraft:diamond_sword":164,"minecraft:cobblestone":6,"create_sa:portable_drill":1,"minecraft:bucket":3,"create_nj:netherite_jetpack_chestplate":1,"minecraft:bone_meal":2},"minecraft:dropped":{"minecraft:stone_hoe":1,"minecraft:iron_ingot":12,"minecraft:soul_sand":9,"minecraft:wheat_seeds":8,"minecraft:oak_log":1758,"minecraft:nether_star":1,"minecraft:cobblestone":3,"farmersdelight:tree_bark":32,"minecraft:granite":5,"minecraft:flint":2,"create:cinder_flour":2,"minecraft:dirt":8,"tombstone:bag_of_seeds":1,"minecraft:diorite":3,"minecraft:sugar":2,"create:mechanical_plough":1,"minecraft:cactus":1,"minecraft:bucket":3,"minecraft:bone":5,"create:raw_zinc":434,"minecraft:gold_ingot":3,"minecraft:dandelion":1,"minecraft:blackstone":11,"minecraft:stone_sword":6,"minecraft:wheat":1,"minecraft:rotten_flesh":7,"minecraft:nether_bricks":4,"minecraft:flint_and_steel":1,"minecraft:diamond_sword":1,"alexsmobs:blood_sac":3,"minecraft:bundle":2,"minecraft:charcoal":128,"minecraft:andesite":97,"minecraft:chest":1,"create:limestone":2,"create:brass_ingot":21,"minecraft:basalt":82,"minecraft:arrow":14,"minecraft:calcite":1,"minecraft:magma_block":303,"minecraft:netherrack":3241,"create:powdered_obsidian":3,"minecraft:egg":2},"minecraft:custom":{"minecraft:mob_kills":3010,"minecraft:inspect_hopper":6,"minecraft:interact_with_crafting_table":45,"goblintraders:trade_with_goblin":90,"minecraft:damage_dealt_resisted":104,"minecraft:leave_game":13,"minecraft:time_since_death":245063,"minecraft:climb_one_cm":1422,"minecraft:sprint_one_cm":127922,"minecraft:walk_one_cm":519741,"tombstone:consume_soul":2,"minecraft:drop":162,"minecraft:damage_dealt_absorbed":50,"minecraft:play_time":331955,"minecraft:deaths":7,"minecraft:sneak_time":8898,"minecraft:walk_under_water_one_cm":22040,"minecraft:jump":919,"tombstone:kill_undead_boss":1,"minecraft:walk_on_water_one_cm":6710,"minecraft:total_world_time":331955,"minecraft:sleep_in_bed":11,"minecraft:time_since_rest":68606,"minecraft:damage_taken":7768,"minecraft:damage_dealt":20330,"tombstone:use_disenchantment":2,"minecraft:swim_one_cm":17248,"minecraft:fly_one_cm":1696741,"minecraft:open_chest":281,"minecraft:crouch_one_cm":21279,"tombstone:undead_killed":73,"minecraft:fall_one_cm":100678,"minecraft:interact_with_smoker":1},"minecraft:killed_by":{"minecraft:wither_skeleton":1,"minecraft:zombie":1,"minecraft:wither":2},"minecraft:crafted":{"minecraft:iron_nugget":836,"minecraft:lever":2,"minecraft:bone_meal":3,"create:deployer":35,"minecraft:flint_and_steel":1,"create:cart_assembler":1,"betterend:charcoal_block":195,"tombstone:grave_key":2,"minecraft:slime_ball":2,"minecraft:lime_dye":2,"create:electron_tube":29,"minecraft:stone_hoe":1,"create:cogwheel":2,"create:brass_hand":35,"minecraft:sugar":1,"create:andesite_alloy":623,"create:rose_quartz":29,"create:dough":2,"minecraft:gold_block":44,"minecraft:bucket":1,"minecraft:air":0,"create:encased_fan":3,"minecraft:book":2,"minecraft:paper":6,"minecraft:white_dye":1,"create:super_glue":1,"minecraft:iron_ingot":519,"create:linear_chassis":141,"minecraft:iron_block":29,"minecraft:gold_ingot":97,"create:propeller":1,"create:mechanical_drill":143,"minecraft:torch":64,"tombstone:book_of_disenchantment":2},"minecraft:killed":{"alexsmobs:dropbear":2,"minecraft:cave_spider":4,"minecraft:zombified_piglin":1,"minecraft:wither":1,"minecraft:skeleton":6,"alexsmobs:straddler":3,"minecraft:magma_cube":9,"alexsmobs:stradpole":1,"minecraft:creeper":1,"alexsmobs:crimson_mosquito":5,"minecraft:zombie":6,"minecraft:wither_skeleton":59,"minecraft:enderman":1,"minecraft:blaze":2},"minecraft:mined":{"create:zinc_ore":10,"minecraft:stripped_warped_stem":2,"minecraft:tuff":40,"minecraft:deepslate_diamond_ore":4,"minecraft:nether_bricks":8,"minecraft:granite":5,"minecraft:grass_block":13,"create:depot":1,"minecraft:soul_soil":2,"minecraft:spawner":1,"minecraft:magma_block":175,"minecraft:iron_ore":45,"minecraft:fire":4,"minecraft:snow":35,"minecraft:andesite":886,"create:cart_assembler":1,"minecraft:rail":3,"minecraft:stone":133,"create:limestone":2,"minecraft:blackstone":11,"minecraft:soul_sand":108,"minecraft:crimson_nylium":1,"minecraft:basalt":103,"minecraft:dandelion":1,"minecraft:calcite":2,"minecraft:deepslate_gold_ore":26,"minecraft:sugar_cane":46,"minecraft:diorite":3,"minecraft:wall_torch":3,"create:basin":1,"minecraft:cactus":1,"minecraft:warped_nylium":1,"minecraft:wheat":1,"minecraft:ice":102,"create:mechanical_drill":3,"minecraft:grass":10,"minecraft:gravel":8,"minecraft:sand":12,"minecraft:dirt":9,"minecraft:cobweb":4,"minecraft:netherrack":668,"minecraft:ancient_debris":3,"minecraft:gold_ore":18,"create:linear_chassis":1,"minecraft:deepslate":336}},"DataVersion":3465}