{"stats":{"minecraft:picked_up":{"minecraft:charcoal":1886,"minecraft:wheat":1,"minecraft:diamond_sword":1,"minecraft:wither_rose":1,"tombstone:scroll_of_preservation":1,"paraglider:heart_container":4,"minecraft:string":16,"minecraft:soul_soil":2,"create:limestone":2,"minecraft:flint_and_steel":1,"minecraft:blackstone":9,"alexsmobs:dropbear_claw":5,"alexsmobs:blood_sac":5,"create:cart_assembler":1,"minecraft:cobbled_deepslate":205,"minecraft:stripped_warped_stem":2,"comforts:sleeping_bag_white":13,"minecraft:calcite":1,"create:basin":1,"minecraft:iron_nugget":1,"minecraft:sugar_cane":84,"minecraft:chest":1,"create:linear_chassis":1,"minecraft:raw_iron":21,"minecraft:torch":3,"alexsmobs:straddlite":3,"minecraft:dried_kelp":344,"tombstone:grave_dust":7,"minecraft:diorite":3,"create_nj:netherite_jetpack_chestplate":1,"create:zinc_ingot":434,"minecraft:stone_sword":6,"minecraft:arrow":18,"minecraft:cactus":1,"minecraft:rotten_flesh":7,"farmersdelight:tree_bark":224,"minecraft:nether_bricks":10,"create:depot":1,"minecraft:blaze_rod":6,"minecraft:snowball":35,"minecraft:rail":14,"alexsmobs:flying_fish":2,"minecraft:cobblestone":73,"minecraft:stripped_oak_log":224,"minecraft:furnace_minecart":2,"minecraft:magma_block":111,"minecraft:basalt":94,"minecraft:magma_cream":15,"minecraft:golden_leggings":1,"paraglider:spirit_orb":2,"minecraft:flint":6,"minecraft:tuff":40,"minecraft:ancient_debris":8,"minecraft:gunpowder":2,"minecraft:wither_skeleton_skull":3,"minecraft:dirt":53,"tombstone:gift":1,"create:mechanical_plough":1,"minecraft:bone":131,"minecraft:kelp":344,"minecraft:wheat_seeds":13,"minecraft:raw_gold":31,"create:mechanical_drill":3,"minecraft:iron_ingot":3,"tombstone:bag_of_seeds":1,"minecraft:soul_sand":109,"minecraft:green_dye":2,"minecraft:dandelion":2,"tombstone:scroll_of_feather_fall":1,"minecraft:gravel":4,"minecraft:sand":8,"minecraft:spider_eye":7,"create:wheat_flour":2,"minecraft:bundle":2,"create:brass_ingot":3,"minecraft:diamond":3,"minecraft:lever":4,"minecraft:granite":5,"minecraft:netherrack":627,"minecraft:coal":100,"minecraft:nether_star":1},"minecraft:used":{"minecraft:netherite_sword":1,"create:deployer":94,"minecraft:flint_and_steel":2,"create:item_vault":13,"minecraft:chest":28,"minecraft:stone_hoe":3,"minecraft:netherrack":70,"minecraft:torch":33,"minecraft:soul_sand":8,"minecraft:dirt":36,"create:mechanical_pump":2,"create:cogwheel":1,"minecraft:nether_bricks":6,"create:mechanical_plough":1,"minecraft:furnace_minecart":4,"create:depot":1,"minecraft:obsidian":4,"minecraft:lava_bucket":1,"minecraft:netherite_shovel":203,"create:wrench":121,"create:gearbox":4,"create:cart_assembler":9,"create:andesite_funnel":3,"minecraft:basalt":2,"create:shaft":19,"minecraft:soul_soil":2,"create:mechanical_drill":394,"minecraft:netherite_pickaxe":2696,"minecraft:egg":1,"comforts:sleeping_bag_white":13,"create:belt_connector":4,"farmersdelight:hamburger":46,"sophisticatedbackpacks:gold_backpack":2,"minecraft:wheat_seeds":2,"minecraft:warped_stem":2,"minecraft:wither_skeleton_skull":3,"minecraft:netherite_chestplate":1,"minecraft:cactus":2,"minecraft:diamond_axe":10,"minecraft:sugar_cane":40,"create:furnace_minecart_contraption":17,"create_sa:brass_jetpack_chestplate":5,"minecraft:sand":4,"minecraft:rail":30,"create:encased_fan":3,"create:linear_chassis":437,"minecraft:lever":12,"supplementaries:cage":3,"tombstone:grave_key":4,"minecraft:gravel":2,"create:basin":2,"minecraft:diamond_sword":203,"minecraft:cobblestone":6,"create_sa:portable_drill":1,"minecraft:bucket":3,"create_nj:netherite_jetpack_chestplate":1,"minecraft:bone_meal":2},"minecraft:dropped":{"minecraft:stone_hoe":1,"minecraft:iron_ingot":72,"minecraft:soul_sand":9,"minecraft:wheat_seeds":8,"minecraft:oak_log":1758,"minecraft:nether_star":1,"minecraft:cobblestone":3,"farmersdelight:tree_bark":32,"minecraft:granite":5,"minecraft:flint":2,"create:cinder_flour":2,"minecraft:dirt":8,"tombstone:bag_of_seeds":1,"minecraft:diorite":3,"minecraft:sugar":2,"create:mechanical_plough":1,"minecraft:cactus":1,"minecraft:bucket":3,"minecraft:bone":5,"create:raw_zinc":434,"minecraft:gold_ingot":3,"minecraft:dandelion":1,"minecraft:kelp":344,"minecraft:blackstone":11,"minecraft:stone_sword":6,"minecraft:wheat":1,"minecraft:rotten_flesh":7,"minecraft:nether_bricks":4,"minecraft:flint_and_steel":1,"minecraft:diamond_sword":1,"alexsmobs:blood_sac":3,"minecraft:bundle":2,"minecraft:charcoal":128,"minecraft:andesite":97,"minecraft:chest":1,"create:limestone":2,"create:brass_ingot":21,"minecraft:basalt":92,"minecraft:arrow":14,"minecraft:calcite":1,"minecraft:magma_block":303,"minecraft:netherrack":3248,"create:powdered_obsidian":3,"minecraft:egg":2},"minecraft:custom":{"minecraft:interact_with_smithing_table":1,"minecraft:mob_kills":3040,"minecraft:inspect_hopper":7,"minecraft:interact_with_crafting_table":53,"goblintraders:trade_with_goblin":138,"minecraft:damage_dealt_resisted":104,"minecraft:leave_game":13,"minecraft:time_since_death":293063,"minecraft:climb_one_cm":1422,"minecraft:sprint_one_cm":142298,"minecraft:walk_one_cm":581869,"tombstone:consume_soul":2,"minecraft:drop":174,"minecraft:damage_dealt_absorbed":50,"minecraft:play_time":379955,"minecraft:deaths":7,"minecraft:sneak_time":10530,"minecraft:walk_under_water_one_cm":31156,"minecraft:jump":1048,"tombstone:kill_undead_boss":1,"minecraft:walk_on_water_one_cm":17943,"minecraft:total_world_time":379955,"minecraft:sleep_in_bed":13,"minecraft:time_since_rest":1068,"minecraft:damage_taken":9138,"minecraft:damage_dealt":22843,"tombstone:use_disenchantment":2,"minecraft:swim_one_cm":25331,"minecraft:fly_one_cm":1974313,"minecraft:open_chest":321,"minecraft:crouch_one_cm":24412,"tombstone:undead_killed":73,"minecraft:fall_one_cm":113071,"minecraft:interact_with_smoker":1},"minecraft:killed_by":{"minecraft:wither_skeleton":1,"minecraft:zombie":1,"minecraft:wither":2},"minecraft:crafted":{"minecraft:oak_planks":256,"minecraft:barrel":32,"minecraft:netherite_sword":1,"minecraft:iron_nugget":836,"minecraft:lever":2,"minecraft:bone_meal":3,"create:item_vault":30,"create:deployer":35,"minecraft:flint_and_steel":1,"create:andesite_funnel":16,"create:cart_assembler":1,"betterend:charcoal_block":195,"tombstone:grave_key":2,"minecraft:slime_ball":2,"minecraft:lime_dye":2,"minecraft:netherite_upgrade_smithing_template":4,"minecraft:netherite_scrap":90,"create:electron_tube":29,"minecraft:stone_hoe":1,"create:cogwheel":2,"create:belt_connector":14,"create:brass_hand":35,"minecraft:sugar":1,"minecraft:oak_slab":126,"create:andesite_alloy":623,"create:rose_quartz":29,"create:dough":2,"minecraft:gold_block":51,"minecraft:bucket":1,"minecraft:air":0,"create:encased_fan":4,"minecraft:book":2,"minecraft:paper":6,"minecraft:white_dye":1,"create:super_glue":1,"minecraft:iron_ingot":579,"create:linear_chassis":141,"minecraft:iron_block":29,"minecraft:gold_ingot":259,"create:propeller":1,"create:mechanical_drill":143,"minecraft:netherite_ingot":23,"minecraft:torch":64,"tombstone:book_of_disenchantment":2},"minecraft:killed":{"alexsmobs:dropbear":2,"minecraft:cave_spider":4,"minecraft:zombified_piglin":1,"minecraft:wither":1,"minecraft:skeleton":6,"alexsmobs:straddler":10,"minecraft:magma_cube":29,"alexsmobs:stradpole":3,"minecraft:creeper":1,"alexsmobs:crimson_mosquito":5,"minecraft:zombie":6,"minecraft:ghast":1,"minecraft:wither_skeleton":59,"minecraft:enderman":1,"minecraft:blaze":2},"minecraft:mined":{"create:zinc_ore":10,"minecraft:stripped_warped_stem":2,"minecraft:tuff":40,"minecraft:deepslate_diamond_ore":4,"minecraft:nether_bricks":8,"minecraft:granite":5,"minecraft:grass_block":45,"create:depot":1,"minecraft:soul_soil":2,"minecraft:spawner":1,"minecraft:tall_seagrass":2,"minecraft:magma_block":175,"minecraft:iron_ore":45,"minecraft:fire":9,"minecraft:snow":35,"minecraft:andesite":886,"create:cart_assembler":1,"minecraft:rail":3,"minecraft:stone":133,"create:limestone":2,"minecraft:blackstone":14,"minecraft:soul_sand":109,"minecraft:kelp_plant":40,"minecraft:crimson_nylium":1,"minecraft:basalt":151,"minecraft:dandelion":1,"minecraft:calcite":2,"minecraft:deepslate_gold_ore":26,"minecraft:sugar_cane":46,"minecraft:diorite":3,"minecraft:wall_torch":3,"create:basin":1,"minecraft:cactus":1,"minecraft:warped_nylium":1,"minecraft:wheat":1,"minecraft:ice":102,"create:mechanical_drill":3,"minecraft:grass":22,"minecraft:gravel":8,"minecraft:sand":12,"minecraft:dirt":10,"minecraft:cobweb":4,"minecraft:netherrack":714,"minecraft:ancient_debris":8,"minecraft:gold_ore":18,"create:linear_chassis":1,"minecraft:deepslate":336}},"DataVersion":3465}