{"stats":{"minecraft:picked_up":{"minecraft:charcoal":1886,"paraglider:spirit_orb":2,"minecraft:flint":4,"minecraft:tuff":40,"minecraft:wither_skeleton_skull":2,"minecraft:dirt":7,"minecraft:string":16,"minecraft:soul_soil":2,"create:limestone":2,"minecraft:flint_and_steel":1,"minecraft:bone":101,"alexsmobs:dropbear_claw":5,"alexsmobs:blood_sac":2,"minecraft:cobbled_deepslate":205,"minecraft:raw_gold":31,"comforts:sleeping_bag_white":1,"tombstone:bag_of_seeds":1,"minecraft:calcite":1,"minecraft:sugar_cane":43,"minecraft:soul_sand":65,"minecraft:gravel":2,"tombstone:grave_dust":4,"minecraft:diorite":3,"minecraft:spider_eye":7,"minecraft:bundle":1,"minecraft:stone_sword":5,"minecraft:arrow":7,"minecraft:rotten_flesh":6,"minecraft:diamond":3,"minecraft:nether_bricks":8,"minecraft:granite":5,"minecraft:blaze_rod":6,"minecraft:coal":84,"minecraft:cobblestone":72,"alexsmobs:flying_fish":1},"minecraft:used":{"minecraft:flint_and_steel":1,"minecraft:netherite_chestplate":1,"create_sa:brass_jetpack_chestplate":1,"minecraft:sugar_cane":2,"minecraft:netherrack":1,"minecraft:dirt":1,"minecraft:soul_sand":1,"create:encased_fan":2,"minecraft:nether_bricks":5,"minecraft:obsidian":2,"minecraft:netherite_shovel":78,"create:wrench":2,"tombstone:grave_key":1,"minecraft:gravel":2,"minecraft:diamond_sword":100,"minecraft:cobblestone":6,"create:shaft":1,"minecraft:soul_soil":2,"create_sa:portable_drill":1,"minecraft:netherite_pickaxe":683,"comforts:sleeping_bag_white":1,"farmersdelight:hamburger":13,"sophisticatedbackpacks:gold_backpack":1},"minecraft:dropped":{"minecraft:iron_ingot":10,"minecraft:oak_log":1758,"minecraft:stone_sword":3,"minecraft:cobblestone":3,"minecraft:rotten_flesh":6,"minecraft:granite":5,"minecraft:flint_and_steel":1,"minecraft:dirt":6,"alexsmobs:blood_sac":1,"minecraft:diorite":3,"minecraft:bundle":1,"minecraft:charcoal":128,"minecraft:andesite":97,"create:limestone":2,"minecraft:calcite":1},"minecraft:custom":{"minecraft:mob_kills":415,"minecraft:interact_with_crafting_table":5,"goblintraders:trade_with_goblin":30,"minecraft:damage_dealt_resisted":104,"minecraft:leave_game":6,"minecraft:time_since_death":5988,"minecraft:sleep_in_bed":1,"minecraft:climb_one_cm":1031,"minecraft:time_since_rest":5103,"minecraft:sprint_one_cm":62059,"minecraft:damage_taken":3224,"minecraft:walk_one_cm":117935,"minecraft:drop":47,"minecraft:damage_dealt":11958,"minecraft:damage_dealt_absorbed":50,"minecraft:fly_one_cm":693211,"minecraft:swim_one_cm":17248,"minecraft:open_chest":84,"minecraft:crouch_one_cm":14763,"minecraft:play_time":78521,"tombstone:undead_killed":57,"minecraft:deaths":4,"minecraft:sneak_time":3796,"minecraft:walk_under_water_one_cm":15824,"minecraft:jump":234,"minecraft:walk_on_water_one_cm":2098,"minecraft:total_world_time":78521,"minecraft:fall_one_cm":33642},"minecraft:killed_by":{"minecraft:wither_skeleton":1,"minecraft:zombie":1},"minecraft:crafted":{"minecraft:air":0,"minecraft:flint_and_steel":1,"create:encased_fan":1,"tombstone:grave_key":2,"betterend:charcoal_block":195,"minecraft:iron_ingot":9,"minecraft:gold_ingot":97,"create:propeller":1},"minecraft:killed":{"alexsmobs:dropbear":2,"minecraft:cave_spider":4,"minecraft:zombified_piglin":1,"alexsmobs:crimson_mosquito":2,"minecraft:skeleton":2,"minecraft:zombie":4,"minecraft:wither_skeleton":50,"minecraft:blaze":2,"minecraft:enderman":1},"minecraft:mined":{"minecraft:tuff":40,"minecraft:soul_sand":66,"minecraft:deepslate_diamond_ore":4,"minecraft:nether_bricks":8,"minecraft:granite":5,"minecraft:calcite":2,"minecraft:soul_soil":2,"minecraft:deepslate_gold_ore":26,"minecraft:sugar_cane":26,"minecraft:diorite":3,"minecraft:spawner":1,"minecraft:iron_ore":11,"minecraft:fire":4,"minecraft:andesite":97,"minecraft:sand":2,"minecraft:dirt":8,"minecraft:gravel":6,"minecraft:cobweb":4,"minecraft:stone":132,"minecraft:gold_ore":11,"create:limestone":2,"minecraft:deepslate":336}},"DataVersion":3465}