{"stats":{"minecraft:picked_up":{"alexsmobs:dropbear_claw":5},"minecraft:used":{"minecraft:diamond_sword":7,"farmersdelight:hamburger":3},"minecraft:custom":{"minecraft:jump":19,"minecraft:open_chest":2,"minecraft:time_since_rest":10559,"tombstone:undead_killed":1,"minecraft:sprint_one_cm":774,"minecraft:damage_dealt":537,"minecraft:crouch_one_cm":964,"minecraft:leave_game":4,"minecraft:play_time":10559,"minecraft:damage_taken":311,"minecraft:time_since_death":10559,"minecraft:walk_one_cm":5608,"minecraft:sneak_time":419,"minecraft:total_world_time":10559,"minecraft:mob_kills":280,"minecraft:fall_one_cm":4740,"minecraft:fly_one_cm":1700},"minecraft:killed":{"minecraft:zombified_piglin":1,"alexsmobs:dropbear":2}},"DataVersion":3465}