{"stats":{"minecraft:picked_up":{"minecraft:charcoal":1886,"minecraft:wheat":1,"minecraft:wither_rose":1,"tombstone:scroll_of_preservation":1,"paraglider:heart_container":4,"minecraft:string":16,"minecraft:soul_soil":2,"create:limestone":2,"minecraft:flint_and_steel":1,"minecraft:blackstone":9,"alexsmobs:dropbear_claw":5,"alexsmobs:blood_sac":3,"minecraft:stripped_warped_stem":2,"minecraft:cobbled_deepslate":205,"comforts:sleeping_bag_white":10,"minecraft:calcite":1,"create:basin":1,"minecraft:iron_nugget":1,"minecraft:sugar_cane":84,"create:linear_chassis":1,"minecraft:raw_iron":21,"minecraft:torch":3,"alexsmobs:straddlite":1,"minecraft:diorite":3,"tombstone:grave_dust":7,"create_nj:netherite_jetpack_chestplate":1,"create:zinc_ingot":434,"minecraft:cactus":1,"minecraft:stone_sword":6,"minecraft:arrow":14,"minecraft:rotten_flesh":7,"farmersdelight:tree_bark":224,"minecraft:nether_bricks":10,"create:depot":1,"minecraft:blaze_rod":6,"minecraft:snowball":35,"minecraft:cobblestone":73,"alexsmobs:flying_fish":1,"minecraft:stripped_oak_log":224,"minecraft:basalt":82,"minecraft:golden_leggings":1,"paraglider:spirit_orb":2,"minecraft:flint":6,"minecraft:tuff":40,"minecraft:gunpowder":2,"minecraft:wither_skeleton_skull":3,"minecraft:dirt":19,"tombstone:gift":1,"minecraft:bone":126,"minecraft:wheat_seeds":10,"create:mechanical_drill":1,"minecraft:raw_gold":31,"minecraft:iron_ingot":3,"tombstone:bag_of_seeds":1,"minecraft:soul_sand":100,"minecraft:green_dye":2,"minecraft:dandelion":2,"tombstone:scroll_of_feather_fall":1,"minecraft:gravel":2,"minecraft:sand":8,"minecraft:spider_eye":7,"create:wheat_flour":2,"minecraft:bundle":2,"create:brass_ingot":3,"minecraft:diamond":3,"minecraft:granite":5,"minecraft:coal":100,"minecraft:netherrack":20,"minecraft:nether_star":1},"minecraft:used":{"create:deployer":41,"minecraft:flint_and_steel":1,"minecraft:stone_hoe":3,"minecraft:netherrack":3,"minecraft:torch":33,"create:mechanical_pump":2,"minecraft:dirt":12,"minecraft:soul_sand":8,"create:cogwheel":1,"minecraft:nether_bricks":6,"create:depot":1,"minecraft:obsidian":2,"minecraft:netherite_shovel":171,"create:wrench":70,"create:gearbox":4,"create:cart_assembler":1,"create:shaft":13,"minecraft:soul_soil":2,"create:mechanical_drill":105,"minecraft:netherite_pickaxe":1770,"comforts:sleeping_bag_white":10,"minecraft:egg":1,"farmersdelight:hamburger":29,"sophisticatedbackpacks:gold_backpack":2,"minecraft:wheat_seeds":2,"minecraft:warped_stem":2,"minecraft:wither_skeleton_skull":3,"minecraft:netherite_chestplate":1,"minecraft:cactus":2,"minecraft:diamond_axe":10,"minecraft:sugar_cane":40,"create_sa:brass_jetpack_chestplate":5,"create:furnace_minecart_contraption":3,"minecraft:sand":4,"minecraft:rail":6,"create:encased_fan":2,"create:linear_chassis":140,"minecraft:lever":2,"tombstone:grave_key":4,"minecraft:gravel":2,"minecraft:diamond_sword":147,"create:basin":2,"minecraft:cobblestone":6,"create_sa:portable_drill":1,"minecraft:bucket":2,"create_nj:netherite_jetpack_chestplate":1,"minecraft:bone_meal":2},"minecraft:dropped":{"minecraft:iron_ingot":12,"minecraft:wheat_seeds":8,"minecraft:oak_log":1758,"minecraft:nether_star":1,"minecraft:cobblestone":3,"minecraft:granite":5,"minecraft:flint":2,"create:cinder_flour":2,"minecraft:dirt":6,"tombstone:bag_of_seeds":1,"minecraft:diorite":3,"minecraft:sugar":2,"minecraft:cactus":1,"minecraft:bucket":3,"create:raw_zinc":434,"minecraft:dandelion":1,"minecraft:gold_ingot":3,"minecraft:blackstone":11,"minecraft:stone_sword":6,"minecraft:wheat":1,"minecraft:rotten_flesh":7,"minecraft:nether_bricks":4,"minecraft:flint_and_steel":1,"alexsmobs:blood_sac":3,"minecraft:bundle":2,"minecraft:charcoal":128,"minecraft:andesite":97,"create:limestone":2,"create:brass_ingot":13,"minecraft:basalt":82,"minecraft:arrow":14,"minecraft:calcite":1,"minecraft:netherrack":3,"create:powdered_obsidian":3,"minecraft:egg":2},"minecraft:custom":{"minecraft:mob_kills":2997,"minecraft:inspect_hopper":6,"minecraft:interact_with_crafting_table":36,"goblintraders:trade_with_goblin":90,"minecraft:damage_dealt_resisted":104,"minecraft:leave_game":11,"minecraft:time_since_death":169612,"minecraft:climb_one_cm":1311,"minecraft:sprint_one_cm":114617,"minecraft:walk_one_cm":342660,"tombstone:consume_soul":2,"minecraft:drop":95,"minecraft:damage_dealt_absorbed":50,"minecraft:play_time":256504,"minecraft:deaths":7,"minecraft:sneak_time":5810,"minecraft:walk_under_water_one_cm":22040,"minecraft:jump":683,"tombstone:kill_undead_boss":1,"minecraft:walk_on_water_one_cm":6710,"minecraft:total_world_time":256504,"minecraft:sleep_in_bed":10,"minecraft:time_since_rest":6057,"minecraft:damage_taken":6848,"minecraft:damage_dealt":19219,"tombstone:use_disenchantment":2,"minecraft:fly_one_cm":1450199,"minecraft:swim_one_cm":17248,"minecraft:open_chest":278,"minecraft:crouch_one_cm":17968,"tombstone:undead_killed":71,"minecraft:interact_with_smoker":1,"minecraft:fall_one_cm":81252},"minecraft:killed_by":{"minecraft:wither_skeleton":1,"minecraft:zombie":1,"minecraft:wither":2},"minecraft:crafted":{"minecraft:iron_nugget":512,"minecraft:bone_meal":3,"minecraft:lever":2,"create:deployer":33,"minecraft:flint_and_steel":1,"create:cart_assembler":1,"tombstone:grave_key":2,"betterend:charcoal_block":195,"minecraft:slime_ball":2,"minecraft:lime_dye":2,"create:electron_tube":29,"minecraft:stone_hoe":1,"create:cogwheel":2,"create:brass_hand":33,"minecraft:sugar":1,"create:andesite_alloy":517,"create:rose_quartz":29,"create:dough":2,"minecraft:gold_block":44,"minecraft:bucket":1,"minecraft:air":0,"create:encased_fan":3,"minecraft:book":2,"minecraft:paper":6,"minecraft:white_dye":1,"create:super_glue":1,"create:linear_chassis":141,"minecraft:iron_ingot":408,"minecraft:iron_block":22,"minecraft:gold_ingot":97,"create:mechanical_drill":100,"create:propeller":1,"minecraft:torch":64,"tombstone:book_of_disenchantment":2},"minecraft:killed":{"alexsmobs:dropbear":2,"minecraft:cave_spider":4,"minecraft:zombified_piglin":1,"minecraft:wither":1,"minecraft:skeleton":4,"alexsmobs:straddler":2,"minecraft:magma_cube":1,"alexsmobs:stradpole":1,"minecraft:creeper":1,"alexsmobs:crimson_mosquito":3,"minecraft:zombie":6,"minecraft:wither_skeleton":59,"minecraft:enderman":1,"minecraft:blaze":2},"minecraft:mined":{"create:zinc_ore":10,"minecraft:stripped_warped_stem":2,"minecraft:tuff":40,"minecraft:deepslate_diamond_ore":4,"minecraft:nether_bricks":8,"minecraft:granite":5,"minecraft:grass_block":12,"create:depot":1,"minecraft:soul_soil":2,"minecraft:spawner":1,"minecraft:iron_ore":45,"minecraft:fire":4,"minecraft:snow":35,"minecraft:andesite":886,"minecraft:stone":133,"create:limestone":2,"minecraft:blackstone":8,"minecraft:soul_sand":108,"minecraft:basalt":103,"minecraft:dandelion":1,"minecraft:calcite":2,"minecraft:deepslate_gold_ore":26,"minecraft:sugar_cane":46,"minecraft:diorite":3,"minecraft:wall_torch":3,"create:basin":1,"minecraft:cactus":1,"minecraft:wheat":1,"minecraft:ice":102,"create:mechanical_drill":1,"minecraft:grass":10,"minecraft:gravel":8,"minecraft:sand":12,"minecraft:dirt":8,"minecraft:cobweb":4,"create:linear_chassis":1,"minecraft:netherrack":33,"minecraft:gold_ore":18,"minecraft:deepslate":336}},"DataVersion":3465}