{"stats":{"minecraft:picked_up":{"minecraft:charcoal":1886,"minecraft:wheat":217,"minecraft:diamond_sword":1,"minecraft:wither_rose":1,"tombstone:scroll_of_preservation":1,"paraglider:heart_container":4,"create:fluid_pipe":4,"wildberries:raspberry":8,"minecraft:string":16,"minecraft:soul_soil":2,"create:limestone":2,"minecraft:flint_and_steel":1,"minecraft:blackstone":9,"alexsmobs:dropbear_claw":5,"alexsmobs:blood_sac":5,"create:cart_assembler":1,"minecraft:cobbled_deepslate":205,"minecraft:stripped_warped_stem":2,"comforts:sleeping_bag_white":17,"minecraft:beef":51,"minecraft:calcite":1,"create:basin":1,"minecraft:iron_nugget":1,"minecraft:sugar_cane":84,"minecraft:chest":1,"create:linear_chassis":1,"minecraft:raw_iron":21,"create:andesite_casing":1,"minecraft:torch":3,"alexsmobs:straddlite":3,"minecraft:dried_kelp":344,"tombstone:grave_dust":7,"minecraft:diorite":3,"create_nj:netherite_jetpack_chestplate":1,"create:zinc_ingot":434,"minecraft:stone_sword":6,"minecraft:arrow":24,"minecraft:cactus":1,"minecraft:rotten_flesh":7,"farmersdelight:tree_bark":224,"minecraft:nether_bricks":10,"create:depot":1,"minecraft:blaze_rod":6,"minecraft:snowball":52,"minecraft:rail":14,"alexsmobs:flying_fish":2,"minecraft:cobblestone":112,"minecraft:stripped_oak_log":224,"minecraft:furnace_minecart":2,"minecraft:magma_block":111,"minecraft:basalt":94,"minecraft:magma_cream":15,"minecraft:leather":38,"minecraft:golden_leggings":1,"create:belt_connector":1,"wildberries:blackberry":3,"paraglider:spirit_orb":2,"minecraft:flint":51,"minecraft:tuff":40,"minecraft:ancient_debris":8,"minecraft:gunpowder":2,"minecraft:wither_skeleton_skull":3,"minecraft:dirt":156,"tombstone:gift":1,"create:mechanical_plough":1,"minecraft:bone":131,"minecraft:kelp":344,"minecraft:wheat_seeds":452,"minecraft:raw_gold":31,"create:mechanical_drill":3,"minecraft:iron_ingot":3,"create:shaft":5,"tombstone:bag_of_seeds":1,"minecraft:soul_sand":109,"minecraft:green_dye":2,"minecraft:dandelion":2,"minecraft:lava_bucket":1,"tombstone:scroll_of_feather_fall":1,"minecraft:gravel":48,"minecraft:sand":8,"minecraft:spider_eye":7,"create:wheat_flour":2,"minecraft:bundle":2,"create:brass_ingot":3,"minecraft:diamond":3,"minecraft:lever":5,"create:mechanical_pump":1,"minecraft:granite":5,"minecraft:netherrack":630,"minecraft:coal":100,"minecraft:hopper":1,"minecraft:nether_star":1},"minecraft:used":{"minecraft:netherite_sword":21,"create:deployer":94,"minecraft:flint_and_steel":2,"create:item_vault":13,"minecraft:dried_kelp":2,"minecraft:chest":28,"minecraft:stone_hoe":3,"minecraft:netherrack":92,"wildberries:raspberry":9,"minecraft:torch":33,"minecraft:soul_sand":8,"minecraft:dirt":58,"create:mechanical_pump":4,"minecraft:hopper":1,"create:cogwheel":5,"minecraft:nether_bricks":6,"create:mechanical_plough":1,"minecraft:furnace_minecart":4,"create:depot":2,"minecraft:obsidian":4,"minecraft:lava_bucket":1,"minecraft:netherite_shovel":297,"create:wrench":205,"create:gearbox":14,"create:millstone":8,"create:cart_assembler":9,"create:andesite_funnel":17,"minecraft:basalt":2,"minecraft:furnace":1,"create:shaft":48,"minecraft:soul_soil":2,"create:mechanical_drill":394,"minecraft:netherite_pickaxe":2740,"create:fluid_pipe":30,"minecraft:egg":1,"comforts:sleeping_bag_white":17,"create:gearshift":2,"create:belt_connector":18,"farmersdelight:hamburger":52,"sophisticatedbackpacks:gold_backpack":2,"minecraft:wheat_seeds":225,"wildberries:blackberry":3,"minecraft:warped_stem":2,"minecraft:wither_skeleton_skull":3,"minecraft:netherite_chestplate":1,"minecraft:cactus":2,"minecraft:diamond_axe":10,"minecraft:sugar_cane":40,"create:furnace_minecart_contraption":17,"create_sa:brass_jetpack_chestplate":5,"minecraft:sand":4,"minecraft:rail":30,"create:encased_fan":3,"minecraft:crafting_table":2,"create:linear_chassis":437,"minecraft:lever":15,"supplementaries:cage":3,"create:mechanical_press":1,"tombstone:grave_key":4,"minecraft:gravel":2,"create:basin":3,"minecraft:diamond_sword":203,"minecraft:cobblestone":12,"create_sa:portable_drill":1,"minecraft:bucket":3,"create_nj:netherite_jetpack_chestplate":1,"create:clutch":1,"minecraft:stripped_oak_log":17,"minecraft:bone_meal":2},"minecraft:dropped":{"minecraft:stone_hoe":1,"minecraft:iron_ingot":72,"minecraft:soul_sand":9,"minecraft:wheat_seeds":8,"minecraft:oak_log":1758,"minecraft:nether_star":1,"minecraft:cobblestone":71,"farmersdelight:tree_bark":32,"minecraft:copper_ingot":64,"minecraft:granite":5,"minecraft:flint":2,"create:cinder_flour":2,"minecraft:dirt":8,"tombstone:bag_of_seeds":1,"minecraft:diorite":3,"minecraft:snowball":5,"minecraft:sugar":2,"create:mechanical_plough":1,"minecraft:cactus":1,"minecraft:bucket":3,"minecraft:bone":5,"create:raw_zinc":434,"minecraft:gold_ingot":3,"minecraft:dandelion":1,"minecraft:gravel":5,"minecraft:kelp":344,"minecraft:blackstone":11,"create:shaft":3,"minecraft:stone_sword":6,"minecraft:wheat":1,"minecraft:rotten_flesh":7,"minecraft:nether_bricks":4,"minecraft:flint_and_steel":1,"minecraft:diamond_sword":1,"alexsmobs:blood_sac":3,"minecraft:bundle":2,"minecraft:charcoal":128,"minecraft:andesite":97,"minecraft:chest":1,"create:limestone":2,"create:brass_ingot":21,"minecraft:basalt":92,"minecraft:arrow":14,"minecraft:calcite":1,"minecraft:magma_block":303,"minecraft:netherrack":3248,"create:powdered_obsidian":3,"minecraft:egg":2},"minecraft:custom":{"minecraft:interact_with_smithing_table":1,"minecraft:mob_kills":3057,"minecraft:inspect_hopper":8,"minecraft:interact_with_crafting_table":78,"goblintraders:trade_with_goblin":168,"minecraft:damage_dealt_resisted":104,"minecraft:leave_game":13,"minecraft:time_since_death":359063,"minecraft:climb_one_cm":1442,"minecraft:sprint_one_cm":179795,"minecraft:walk_one_cm":735518,"tombstone:consume_soul":2,"minecraft:drop":189,"minecraft:damage_dealt_absorbed":50,"minecraft:play_time":445955,"minecraft:deaths":7,"minecraft:sneak_time":12489,"minecraft:walk_under_water_one_cm":31386,"minecraft:jump":1316,"tombstone:kill_undead_boss":1,"minecraft:walk_on_water_one_cm":18699,"minecraft:total_world_time":445955,"minecraft:sleep_in_bed":17,"minecraft:time_since_rest":10659,"minecraft:damage_taken":9887,"minecraft:damage_dealt":24968,"tombstone:use_disenchantment":2,"minecraft:swim_one_cm":25331,"minecraft:fly_one_cm":2122150,"minecraft:open_chest":410,"minecraft:crouch_one_cm":27149,"tombstone:undead_killed":76,"minecraft:fall_one_cm":131061,"minecraft:interact_with_smoker":5},"minecraft:killed_by":{"minecraft:wither_skeleton":1,"minecraft:zombie":1,"minecraft:wither":2},"minecraft:crafted":{"minecraft:oak_planks":332,"minecraft:barrel":32,"minecraft:netherite_sword":1,"minecraft:iron_nugget":1115,"minecraft:lever":4,"minecraft:bone_meal":3,"create:item_vault":30,"create:deployer":35,"minecraft:flint_and_steel":1,"minecraft:hopper":1,"create:andesite_funnel":16,"create:cart_assembler":1,"betterend:charcoal_block":195,"tombstone:grave_key":2,"minecraft:slime_ball":2,"create:millstone":7,"minecraft:lime_dye":2,"minecraft:chest":2,"create:basin":1,"minecraft:netherite_upgrade_smithing_template":4,"minecraft:netherite_scrap":90,"create:electron_tube":29,"minecraft:stone_hoe":1,"create:cogwheel":51,"create:belt_connector":14,"create:brass_hand":35,"minecraft:sugar":1,"create:depot":1,"farmersdelight:hamburger":64,"minecraft:oak_slab":126,"create:andesite_alloy":714,"create:rose_quartz":29,"minecraft:crafting_table":2,"create:fluid_pipe":32,"create:dough":2,"minecraft:copper_ingot":72,"minecraft:gold_block":51,"minecraft:bucket":1,"create:gearshift":2,"create:clutch":1,"minecraft:bread":64,"minecraft:air":0,"create:gearbox":11,"create:encased_fan":4,"minecraft:book":2,"minecraft:paper":6,"minecraft:white_dye":1,"create:super_glue":1,"create:mechanical_pump":1,"minecraft:iron_ingot":685,"create:linear_chassis":141,"minecraft:iron_block":30,"minecraft:gold_ingot":259,"create:shaft":64,"create:propeller":1,"create:mechanical_drill":143,"minecraft:netherite_ingot":23,"minecraft:torch":64,"tombstone:book_of_disenchantment":2},"minecraft:killed":{"alexsmobs:dropbear":2,"minecraft:cave_spider":4,"minecraft:zombified_piglin":1,"minecraft:wither":1,"minecraft:skeleton":9,"alexsmobs:straddler":10,"minecraft:magma_cube":29,"alexsmobs:stradpole":3,"minecraft:creeper":2,"alexsmobs:crimson_mosquito":5,"minecraft:zombie":6,"minecraft:ghast":1,"minecraft:wither_skeleton":59,"minecraft:cow":13,"minecraft:enderman":1,"minecraft:blaze":2},"minecraft:mined":{"create:zinc_ore":10,"minecraft:stripped_warped_stem":2,"minecraft:tuff":40,"minecraft:deepslate_diamond_ore":4,"minecraft:nether_bricks":8,"minecraft:granite":5,"minecraft:grass_block":102,"wildberries:raspberry_bush_stage_3":3,"create:depot":1,"minecraft:soul_soil":2,"minecraft:hopper":1,"minecraft:spawner":1,"minecraft:tall_seagrass":2,"minecraft:magma_block":175,"create:shaft":2,"minecraft:iron_ore":45,"minecraft:fire":9,"minecraft:snow":41,"minecraft:andesite":886,"create:cart_assembler":1,"minecraft:rail":3,"minecraft:stone":167,"create:limestone":2,"minecraft:blackstone":14,"minecraft:soul_sand":109,"minecraft:kelp_plant":40,"minecraft:crimson_nylium":1,"minecraft:basalt":151,"minecraft:dandelion":1,"minecraft:calcite":2,"minecraft:cobblestone":4,"minecraft:deepslate_gold_ore":26,"minecraft:sugar_cane":46,"wildberries:blackberry_bush_stage_3":1,"minecraft:diorite":3,"minecraft:wall_torch":3,"create:basin":1,"minecraft:cactus":1,"minecraft:warped_nylium":1,"minecraft:wheat":222,"minecraft:ice":102,"create:mechanical_drill":3,"minecraft:grass":22,"minecraft:gravel":8,"minecraft:sand":12,"minecraft:dirt":44,"minecraft:cobweb":4,"minecraft:netherrack":717,"minecraft:ancient_debris":8,"minecraft:gold_ore":18,"create:linear_chassis":1,"minecraft:deepslate":336}},"DataVersion":3465}