{"stats":{"minecraft:killed":{"minecraft:cave_spider":4,"minecraft:zombified_piglin":1,"minecraft:spider":9,"alexsmobs:murmur":1,"minecraft:wither":1,"minecraft:skeleton":128,"alexsmobs:straddler":12,"artifacts:mimic":2,"minecraft:magma_cube":29,"alexsmobs:stradpole":3,"minecraft:creeper":3,"alexsmobs:crimson_mosquito":5,"minecraft:zombie":38,"minecraft:ghast":1,"minecraft:blaze":27,"minecraft:cow":13,"alexsmobs:bone_serpent":1,"alexsmobs:dropbear":2,"alexsmobs:seagull":1,"minecraft:slime":26,"minecraft:wither_skeleton":60,"minecraft:enderman":3},"minecraft:broken":{"minecraft:stone_hoe":3},"minecraft:custom":{"minecraft:interact_with_crafting_table":996,"minecraft:open_barrel":10,"goblintraders:trade_with_goblin":278,"minecraft:leave_game":35,"minecraft:time_since_death":91536,"minecraft:sprint_one_cm":456675,"minecraft:drop":994,"minecraft:talked_to_villager":14,"minecraft:play_time":1482526,"minecraft:deaths":9,"minecraft:jump":5216,"tombstone:kill_undead_boss":1,"minecraft:walk_on_water_one_cm":152012,"minecraft:traded_with_villager":2,"minecraft:sleep_in_bed":63,"minecraft:damage_dealt":43583,"tombstone:use_disenchantment":2,"minecraft:crouch_one_cm":126722,"tombstone:undead_killed":230,"minecraft:interact_with_smithing_table":4,"minecraft:interact_with_smoker":5,"minecraft:mob_kills":10515,"minecraft:inspect_hopper":97,"minecraft:damage_dealt_resisted":588,"minecraft:climb_one_cm":3697,"minecraft:walk_one_cm":3011694,"tombstone:consume_soul":2,"minecraft:damage_dealt_absorbed":50,"minecraft:sneak_time":52676,"minecraft:walk_under_water_one_cm":88043,"minecraft:total_world_time":1482526,"minecraft:interact_with_stonecutter":1,"minecraft:time_since_rest":15466,"minecraft:damage_taken":18104,"minecraft:trigger_trapped_chest":1,"minecraft:swim_one_cm":173325,"minecraft:fly_one_cm":6763267,"minecraft:open_chest":1252,"minecraft:fall_one_cm":381640},"minecraft:mined":{"minecraft:stripped_warped_stem":2,"create:deepslate_zinc_ore":246,"minecraft:white_bed":2,"farmersdelight:rich_soil":2,"minecraft:farmland":311,"create:andesite_casing":10,"minecraft:spruce_trapdoor":8,"minecraft:granite":7,"minecraft:stone_brick_wall":7,"minecraft:grass_block":1710,"wildberries:raspberry_bush_stage_3":3,"minecraft:jungle_log":148,"minecraft:soul_soil":2,"minecraft:composter":3,"create:belt":1,"minecraft:hopper":7,"minecraft:chiseled_stone_bricks":3,"minecraft:spawner":1,"minecraft:tall_seagrass":2,"minecraft:magma_block":175,"minecraft:glowstone":85,"minecraft:iron_ore":65,"minecraft:fire":18,"minecraft:cobbled_deepslate":56,"minecraft:deepslate_lapis_ore":3,"create:limestone":2,"minecraft:deepslate_redstone_ore":112,"minecraft:brown_mushroom":27,"farmersdelight:organic_compost":6,"minecraft:blackstone":16,"minecraft:kelp_plant":40,"minecraft:crimson_nylium":4,"minecraft:torch":11,"wildberries:blueberry_bush_stage_3":1,"minecraft:melon":3,"minecraft:calcite":2,"minecraft:poppy":1,"minecraft:chest":2,"farmersdelight:brown_mushroom_colony":304,"minecraft:mushroom_stem":31,"minecraft:glass":31,"minecraft:cobblestone":7,"minecraft:oak_planks":7,"minecraft:sugar_cane":98,"wildberries:blackberry_bush_stage_3":1,"minecraft:wall_torch":5,"create:basin":1,"minecraft:warped_nylium":1,"minecraft:wheat":233,"minecraft:tnt":1,"minecraft:grass":817,"minecraft:oak_log":16,"minecraft:sand":12,"minecraft:dirt":1068,"create:encased_chain_drive":1,"create:linear_chassis":1,"minecraft:deepslate":345,"create:crimsite":2,"create:zinc_ore":50,"minecraft:ancient_debris":8,"create:brass_funnel":2,"minecraft:netherrack":953,"minecraft:oak_leaves":6,"minecraft:deepslate_tiles":2,"minecraft:tuff":45,"minecraft:deepslate_diamond_ore":34,"minecraft:nether_bricks":8,"minecraft:glow_lichen":1,"minecraft:lever":4,"minecraft:spruce_fence":6,"create:large_cogwheel":1,"create:depot":1,"create:encased_fan":1,"minecraft:brown_mushroom_block":225,"minecraft:redstone_ore":3,"create:shaft":5,"minecraft:oak_trapdoor":1,"minecraft:carrots":9,"minecraft:snow":71,"minecraft:andesite":891,"create:cart_assembler":1,"minecraft:deepslate_iron_ore":21,"minecraft:cobblestone_slab":1,"minecraft:vine":1,"minecraft:rail":3,"minecraft:packed_ice":10,"minecraft:bamboo":572,"minecraft:stone":1191,"createaddition:large_connector":3,"minecraft:oak_slab":1,"minecraft:soul_sand":109,"minecraft:basalt":151,"minecraft:dandelion":5,"minecraft:crafting_table":1,"create:fluid_pipe":15,"minecraft:copper_ore":25,"minecraft:tall_grass":83,"minecraft:deepslate_gold_ore":28,"minecraft:diorite":5,"create:water_wheel_structure":1,"minecraft:cactus":4,"create:gearbox":2,"minecraft:ice":1359,"create:mechanical_drill":3,"minecraft:coal_ore":26,"minecraft:gravel":24,"minecraft:cobweb":4,"minecraft:polished_andesite":1,"minecraft:spruce_fence_gate":3,"minecraft:stone_bricks":5,"create:andesite_funnel":1,"minecraft:gold_ore":18,"minecraft:fern":12},"minecraft:used":{"create:deployer":95,"minecraft:spruce_slab":2,"sophisticatedbackpacks:copper_backpack":3,"minecraft:chest":35,"minecraft:stone":73,"minecraft:nether_wart":23,"create:fluid_tank":56,"minecraft:soul_sand":48,"create:cogwheel":53,"minecraft:nether_bricks":6,"create:mechanical_crafter":31,"minecraft:carrot":104,"minecraft:furnace_minecart":4,"create:depot":12,"minecraft:snowball":3,"minecraft:obsidian":4,"minecraft:glass":345,"minecraft:netherite_shovel":3205,"minecraft:packed_ice":102,"minecraft:lava_bucket":17,"create:millstone":14,"minecraft:stone_bricks":6,"create:andesite_funnel":35,"create:rotation_speed_controller":4,"create:shaft":177,"create:steam_engine":2,"minecraft:furnace":1,"create:mechanical_drill":413,"create_power_loader:brass_chunk_loader":4,"minecraft:egg":1,"farmersdelight:hamburger":102,"minecraft:wither_skeleton_skull":3,"create:crushing_wheel":2,"minecraft:oak_planks":23,"minecraft:cactus":5,"minecraft:composter":11,"minecraft:sugar_cane":41,"minecraft:diamond_axe":257,"minecraft:oak_leaves":1,"create_sa:brass_jetpack_chestplate":5,"farmersdelight:organic_compost":324,"create:spout":3,"minecraft:sand":4,"createaddition:rolling_mill":1,"minecraft:stone_brick_wall":9,"minecraft:shears":1,"minecraft:deepslate_tiles":99,"minecraft:lever":30,"createaddition:gold_spool":24,"tombstone:grave_key":6,"create:adjustable_chain_gearshift":6,"minecraft:gravel":5,"minecraft:diamond_sword":203,"create:basin":8,"minecraft:andesite":3,"create:large_cogwheel":3,"create:vertical_gearbox":13,"minecraft:ice":7,"minecraft:oak_trapdoor":73,"minecraft:bone_meal":2332,"minecraft:netherite_sword":846,"farmersdelight:diamond_knife":695,"minecraft:flint_and_steel":2,"create:item_vault":86,"minecraft:dried_kelp":2,"farmersdelight:rich_soil":2,"minecraft:stone_hoe":547,"minecraft:netherrack":242,"wildberries:raspberry":9,"minecraft:torch":175,"minecraft:dirt":1003,"create:mechanical_pump":29,"create:attribute_filter":4,"minecraft:hopper":19,"create:mechanical_mixer":3,"createaddition:modular_accumulator":55,"create:mechanical_plough":1,"minecraft:spruce_fence":8,"create:chute":30,"create:wrench":909,"create:gearbox":39,"create:cart_assembler":9,"minecraft:bamboo":95,"create:encased_chain_drive":21,"minecraft:basalt":2,"minecraft:soul_soil":2,"comforts:sleeping_bag_white":63,"tombstone:gift":1,"create:fluid_pipe":78,"minecraft:netherite_pickaxe":4109,"minecraft:cobbled_deepslate":27,"create:belt_connector":62,"create:gearshift":10,"create:smart_fluid_pipe":2,"sophisticatedbackpacks:gold_backpack":4,"createaddition:large_connector":20,"minecraft:wheat_seeds":236,"minecraft:water_bucket":83,"minecraft:warped_stem":2,"wildberries:blackberry":3,"create:empty_blaze_burner":7,"minecraft:polished_andesite":1,"minecraft:netherite_chestplate":1,"minecraft:brown_mushroom":338,"minecraft:cobblestone_slab":5,"minecraft:stonecutter":1,"minecraft:spruce_fence_gate":4,"create:blaze_burner":3,"create:furnace_minecart_contraption":17,"minecraft:rail":30,"create:encased_fan":5,"create:brass_funnel":61,"minecraft:oak_slab":76,"minecraft:crafting_table":6,"minecraft:white_bed":14,"minecraft:mushroom_stem":3,"minecraft:oak_log":43,"create:linear_chassis":437,"createaddition:alternator":1,"minecraft:diamond_pickaxe":1948,"supplementaries:cage":3,"create:mechanical_press":6,"minecraft:netherite_axe":227,"create:water_wheel":1,"minecraft:spruce_trapdoor":10,"minecraft:spruce_sapling":4,"create:large_water_wheel":37,"minecraft:chiseled_stone_bricks":4,"minecraft:enchanted_book":10,"minecraft:cobblestone":15,"minecraft:potion":1,"create_sa:portable_drill":1,"minecraft:bucket":97,"create:clutch":1,"create_nj:netherite_jetpack_chestplate":1,"minecraft:stripped_oak_log":23},"minecraft:crafted":{"createaddition:capacitor":388,"minecraft:oak_planks":3005,"minecraft:cobblestone_slab":18,"minecraft:barrel":204,"minecraft:blaze_powder":42,"createaddition:rolling_mill":1,"create:brass_nugget":9,"minecraft:lever":15,"create:item_vault":122,"create:deployer":36,"minecraft:bamboo_block":518,"create:rotation_speed_controller":1,"minecraft:hopper":11,"create:andesite_funnel":16,"create:cart_assembler":1,"create:mechanical_press":1,"tombstone:grave_key":3,"minecraft:chest":18,"create:spout":3,"minecraft:chiseled_stone_bricks":24,"minecraft:netherite_upgrade_smithing_template":4,"create:brass_funnel":10,"minecraft:stone_hoe":6,"minecraft:stone_bricks":64,"create:cogwheel":406,"create:brass_hand":36,"minecraft:respawn_anchor":3,"minecraft:glass_bottle":3,"minecraft:oak_slab":564,"create:depot":7,"create:rose_quartz":74,"minecraft:diamond_axe":1,"minecraft:crafting_table":16,"minecraft:spruce_planks":168,"create:fluid_pipe":32,"create:adjustable_chain_gearshift":2,"minecraft:copper_ingot":693,"minecraft:gold_block":51,"create:attribute_filter":1,"create:gearshift":5,"farmersdelight:organic_compost":320,"create:encased_chain_drive":15,"create:mechanical_mixer":2,"create:clutch":1,"createaddition:spool":16,"create:gearbox":29,"create:encased_fan":5,"minecraft:spruce_trapdoor":16,"minecraft:book":37,"minecraft:paper":111,"create:water_wheel":9,"create:super_glue":1,"minecraft:stick":396,"create:mechanical_pump":11,"minecraft:iron_ingot":1126,"minecraft:iron_block":36,"minecraft:gold_ingot":346,"create:large_cogwheel":129,"create:propeller":1,"minecraft:redstone_torch":388,"minecraft:netherite_ingot":23,"minecraft:composter":25,"minecraft:spruce_fence_gate":4,"minecraft:deepslate_bricks":144,"minecraft:shears":1,"minecraft:packed_ice":110,"create:empty_blaze_burner":8,"tombstone:book_of_disenchantment":2,"create:chute":20,"minecraft:stone_brick_wall":24,"minecraft:netherite_sword":1,"minecraft:iron_nugget":1475,"createaddition:copper_spool":10,"minecraft:bone_meal":2745,"minecraft:spruce_fence":72,"minecraft:oak_trapdoor":80,"minecraft:flint_and_steel":1,"minecraft:netherite_axe":1,"minecraft:blue_ice":2,"minecraft:polished_deepslate":144,"betterend:charcoal_block":195,"minecraft:slime_ball":10,"create:millstone":7,"minecraft:lime_dye":10,"create:fluid_tank":100,"create:basin":3,"create:electron_tube":48,"minecraft:netherite_scrap":90,"create:belt_connector":14,"minecraft:sugar":1,"farmersdelight:hamburger":64,"create:andesite_alloy":1261,"create:dough":2,"create:large_water_wheel":9,"minecraft:bucket":6,"minecraft:deepslate_tiles":144,"createaddition:large_connector":20,"create:andesite_alloy_block":32,"minecraft:air":0,"minecraft:bread":76,"create:whisk":2,"minecraft:white_wool":12,"minecraft:white_dye":13,"create:linear_chassis":141,"create:mechanical_crafter":9,"minecraft:stonecutter":1,"minecraft:white_bed":12,"create:mechanical_drill":155,"supplementaries:flint_block":7,"create:shaft":624,"minecraft:torch":116,"createaddition:modular_accumulator":192,"create:smart_fluid_pipe":2,"createaddition:gold_spool":6},"minecraft:picked_up":{"minecraft:wheat":228,"minecraft:diamond_sword":1,"minecraft:wither_rose":1,"alexsmobs:bone_serpent_tooth":3,"minecraft:golden_sword":8,"minecraft:string":36,"wildberries:raspberry":8,"minecraft:soul_soil":2,"create:limestone":2,"create:andesite_funnel":3,"alexsmobs:dropbear_claw":5,"minecraft:deepslate_tiles":2,"alexsmobs:blood_sac":5,"create:cart_assembler":1,"minecraft:cobbled_deepslate":259,"alexsmobs:banana":1,"minecraft:bucket":3,"comforts:sleeping_bag_white":63,"minecraft:cobblestone_slab":1,"minecraft:calcite":1,"vinery:jungle_grape_seeds_white":2,"minecraft:golden_helmet":1,"minecraft:stick":1,"create:dough":17,"minecraft:composter":3,"minecraft:torch":26,"createaddition:large_connector":3,"create:andesite_casing":11,"create_sa:large_fueling_tank":1,"minecraft:dried_kelp":344,"tombstone:grave_dust":27,"minecraft:diorite":3,"minecraft:stone_sword":6,"minecraft:cactus":6,"minecraft:rotten_flesh":58,"farmersdelight:tree_bark":1504,"minecraft:glowstone":85,"supplementaries:ash":6,"minecraft:blaze_rod":62,"minecraft:obsidian":128,"minecraft:blaze_powder":12,"minecraft:snowball":94,"alexsmobs:flying_fish":2,"minecraft:cobblestone":19073,"minecraft:furnace_minecart":2,"minecraft:magma_block":111,"minecraft:feather":2,"minecraft:jungle_log":32,"minecraft:magma_cream":15,"minecraft:andesite":934,"minecraft:brown_wool":6,"minecraft:golden_leggings":1,"minecraft:potato":1,"create:belt_connector":2,"paraglider:spirit_orb":2,"minecraft:flint":882,"minecraft:tuff":42,"create:raw_zinc":102,"minecraft:wither_skeleton_skull":3,"minecraft:dirt":2772,"artifacts:shock_pendant":1,"create:encased_chain_drive":1,"create:mechanical_plough":1,"minecraft:leather_boots":2,"minecraft:stripped_bamboo_block":511,"minecraft:glass":40,"minecraft:bone":548,"minecraft:bow":12,"minecraft:wheat_seeds":709,"minecraft:raw_gold":32,"create:mechanical_drill":3,"create:shaft":36,"minecraft:bamboo":4852,"minecraft:oak_planks":138,"create:gearshift":1,"create:cogwheel":2,"tombstone:scroll_of_feather_fall":1,"minecraft:sand":8,"minecraft:melon":3,"minecraft:grass_block":5,"minecraft:bundle":2,"minecraft:polished_andesite":49,"minecraft:spruce_fence_gate":3,"create:crimsite":2,"minecraft:diamond":8,"minecraft:lever":12,"minecraft:granite":5,"minecraft:oak_sapling":4,"minecraft:netherrack":871,"minecraft:oak_leaves":1,"create:precision_mechanism":3,"minecraft:nether_star":1,"minecraft:charcoal":1886,"create:copper_sheet":117,"minecraft:cocoa_beans":3,"minecraft:crafting_table":1,"minecraft:leather_leggings":1,"minecraft:brown_mushroom":1518,"minecraft:packed_ice":10,"minecraft:stone_brick_wall":6,"tombstone:scroll_of_preservation":1,"paraglider:heart_container":4,"minecraft:oak_trapdoor":1,"create:fluid_pipe":20,"minecraft:flint_and_steel":2,"minecraft:blackstone":11,"minecraft:respawn_anchor":1,"minecraft:stripped_warped_stem":2,"create:brass_funnel":5,"minecraft:beef":51,"farmersdelight:straw":639,"create:basin":1,"minecraft:jungle_sapling":8,"minecraft:iron_nugget":119,"minecraft:light_gray_wool":2,"minecraft:spruce_slab":2,"minecraft:sugar_cane":178,"minecraft:chest":3,"minecraft:spruce_trapdoor":7,"create:linear_chassis":2,"minecraft:raw_iron":47,"minecraft:stone":663,"minecraft:copper_ingot":20,"alexsmobs:straddlite":3,"minecraft:spruce_fence":5,"minecraft:carrot":111,"minecraft:redstone":99,"minecraft:mushroom_stem":3,"create:brass_casing":69,"create_nj:netherite_jetpack_chestplate":1,"create:steam_engine":1,"create:zinc_ingot":1080,"create:vertical_gearbox":5,"minecraft:arrow":241,"minecraft:nether_bricks":10,"create:depot":2,"minecraft:gold_ingot":41,"tombstone:essence_of_undeath":1,"sophisticatedbackpacks:copper_backpack":1,"minecraft:bone_block":10,"minecraft:rail":14,"minecraft:white_wool":14,"minecraft:stripped_oak_log":1531,"create:iron_sheet":1,"farmersdelight:rich_soil":2,"minecraft:basalt":98,"supplementaries:flint_block":16,"minecraft:leather":38,"wildberries:blueberries":2,"minecraft:ice":1001,"wildberries:blackberry":3,"minecraft:oak_log":1159,"minecraft:ancient_debris":8,"minecraft:gunpowder":5,"artifacts:cloud_in_a_bottle":1,"tombstone:gift":1,"farmersdelight:organic_compost":6,"create:crushing_wheel":2,"minecraft:stone_bricks":3,"minecraft:kelp":344,"minecraft:iron_ingot":7,"tombstone:bag_of_seeds":1,"minecraft:soul_sand":173,"minecraft:green_dye":6,"minecraft:oak_slab":1,"create:large_water_wheel":8,"minecraft:chiseled_stone_bricks":3,"minecraft:dandelion":5,"minecraft:gravel":792,"minecraft:lava_bucket":1,"minecraft:white_bed":2,"minecraft:crying_obsidian":64,"minecraft:spider_eye":25,"create:wheat_flour":19,"create:millstone":4,"minecraft:slime_ball":56,"create:brass_ingot":3,"hauntedharvest:rotten_apple":1,"create:encased_fan":1,"create:mechanical_pump":2,"minecraft:warped_roots":2,"tombstone:magic_scroll":4,"minecraft:coal":106,"minecraft:hopper":7,"minecraft:ender_pearl":7},"minecraft:killed_by":{"minecraft:wither_skeleton":1,"minecraft:zombie":1,"minecraft:skeleton":1,"minecraft:wither":2},"minecraft:dropped":{"minecraft:soul_sand":9,"minecraft:brown_mushroom":21,"minecraft:lapis_lazuli":192,"minecraft:oak_log":1758,"minecraft:glow_ink_sac":256,"minecraft:nether_star":1,"minecraft:warped_roots":2,"create:cogwheel":1,"create:crimsite":2,"minecraft:flint":1327,"minecraft:dirt":172,"tombstone:bag_of_seeds":1,"minecraft:snowball":10,"create:iron_sheet":1,"minecraft:sand":64,"minecraft:sugar":2,"minecraft:bone":9,"minecraft:gold_ingot":172,"minecraft:gravel":1235,"minecraft:blackstone":13,"minecraft:iron_nugget":7,"minecraft:cobbled_deepslate":18,"minecraft:wheat":12,"minecraft:obsidian":64,"minecraft:rotten_flesh":34,"minecraft:oak_planks":130,"minecraft:blaze_powder":54,"minecraft:carrot":81,"supplementaries:ash":6,"alexsmobs:blood_sac":3,"minecraft:gunpowder":3,"minecraft:charcoal":128,"minecraft:jungle_log":32,"minecraft:leather_boots":2,"minecraft:chest":1,"create:limestone":2,"create:brass_ingot":87,"create:wheat_flour":17,"minecraft:basalt":96,"minecraft:arrow":236,"minecraft:netherrack":3313,"create:powdered_obsidian":3,"minecraft:egg":2,"minecraft:stone_hoe":1,"minecraft:iron_ingot":368,"minecraft:bread":9,"minecraft:wheat_seeds":150,"minecraft:golden_helmet":1,"minecraft:feather":1,"minecraft:cobblestone":25918,"farmersdelight:tree_bark":32,"minecraft:granite":5,"minecraft:copper_ingot":820,"minecraft:grass_block":5,"minecraft:stick":1,"minecraft:polished_andesite":12,"create:cinder_flour":386,"minecraft:lava_bucket":1,"minecraft:diorite":3,"tombstone:magic_scroll":3,"create:mechanical_plough":1,"minecraft:cactus":3,"minecraft:string":1,"minecraft:bucket":16,"create:raw_zinc":1080,"minecraft:dandelion":4,"create:brass_funnel":4,"minecraft:kelp":344,"create:shaft":12,"minecraft:nether_wart":31,"minecraft:stone_sword":6,"hauntedharvest:rotten_apple":1,"create:copper_sheet":38,"minecraft:nether_bricks":4,"minecraft:flint_and_steel":1,"minecraft:diamond_sword":1,"supplementaries:flint_block":115,"minecraft:bundle":2,"create:zinc_ingot":388,"minecraft:andesite":743,"minecraft:golden_sword":8,"minecraft:spider_eye":11,"minecraft:bamboo":16,"minecraft:bow":12,"minecraft:raw_gold":1,"minecraft:calcite":1,"minecraft:magma_block":431,"create:andesite_funnel":2,"create:golden_sheet":123}},"DataVersion":3465}