{"stats":{"minecraft:crafted":{"minecraft:oak_planks":708,"minecraft:cobblestone_slab":18,"minecraft:barrel":62,"create:brass_nugget":9,"minecraft:lever":14,"create:item_vault":82,"create:deployer":35,"minecraft:bamboo_block":127,"minecraft:hopper":11,"create:andesite_funnel":16,"create:cart_assembler":1,"tombstone:grave_key":3,"minecraft:chest":15,"minecraft:netherite_upgrade_smithing_template":4,"create:brass_funnel":10,"minecraft:stone_hoe":5,"create:cogwheel":90,"create:brass_hand":35,"minecraft:oak_slab":126,"create:depot":3,"create:rose_quartz":32,"minecraft:crafting_table":3,"create:fluid_pipe":32,"create:adjustable_chain_gearshift":2,"minecraft:copper_ingot":72,"minecraft:gold_block":51,"create:attribute_filter":1,"create:gearshift":5,"farmersdelight:organic_compost":128,"create:encased_chain_drive":15,"create:clutch":1,"create:gearbox":22,"create:encased_fan":5,"minecraft:book":37,"minecraft:paper":111,"create:super_glue":1,"minecraft:stick":16,"create:mechanical_pump":2,"minecraft:iron_ingot":889,"minecraft:iron_block":35,"minecraft:gold_ingot":259,"create:propeller":1,"minecraft:netherite_ingot":23,"minecraft:deepslate_bricks":144,"create:chute":20,"minecraft:shears":1,"tombstone:book_of_disenchantment":2,"minecraft:netherite_sword":1,"minecraft:iron_nugget":1313,"minecraft:bone_meal":138,"minecraft:flint_and_steel":1,"minecraft:polished_deepslate":144,"betterend:charcoal_block":195,"minecraft:slime_ball":2,"create:millstone":7,"minecraft:lime_dye":2,"create:basin":1,"create:electron_tube":30,"minecraft:netherite_scrap":90,"create:belt_connector":14,"minecraft:sugar":1,"farmersdelight:hamburger":64,"create:andesite_alloy":1081,"create:dough":2,"minecraft:bucket":3,"minecraft:deepslate_tiles":144,"create:andesite_alloy_block":32,"minecraft:bread":64,"minecraft:air":0,"minecraft:white_wool":12,"minecraft:white_dye":7,"create:linear_chassis":141,"minecraft:white_bed":10,"create:mechanical_drill":155,"supplementaries:flint_block":7,"create:shaft":160,"minecraft:torch":64},"minecraft:custom":{"minecraft:interact_with_crafting_table":226,"goblintraders:trade_with_goblin":198,"minecraft:leave_game":15,"minecraft:time_since_death":300507,"minecraft:sprint_one_cm":321699,"minecraft:drop":751,"minecraft:play_time":926765,"minecraft:deaths":8,"minecraft:jump":3289,"tombstone:kill_undead_boss":1,"minecraft:walk_on_water_one_cm":34428,"minecraft:sleep_in_bed":39,"minecraft:damage_dealt":29455,"tombstone:use_disenchantment":2,"minecraft:crouch_one_cm":97694,"tombstone:undead_killed":93,"minecraft:interact_with_smoker":5,"minecraft:interact_with_smithing_table":1,"minecraft:mob_kills":10315,"minecraft:inspect_hopper":97,"minecraft:damage_dealt_resisted":104,"minecraft:climb_one_cm":3103,"minecraft:walk_one_cm":1749388,"tombstone:consume_soul":2,"minecraft:damage_dealt_absorbed":50,"minecraft:sneak_time":40847,"minecraft:walk_under_water_one_cm":36411,"minecraft:total_world_time":926765,"minecraft:time_since_rest":9762,"minecraft:damage_taken":13614,"minecraft:swim_one_cm":25331,"minecraft:fly_one_cm":3973396,"minecraft:open_chest":751,"minecraft:fall_one_cm":254783},"minecraft:killed":{"minecraft:cave_spider":4,"minecraft:zombified_piglin":1,"minecraft:spider":3,"minecraft:wither":1,"minecraft:skeleton":11,"alexsmobs:straddler":12,"minecraft:magma_cube":29,"alexsmobs:stradpole":3,"minecraft:creeper":2,"alexsmobs:crimson_mosquito":5,"minecraft:zombie":20,"minecraft:ghast":1,"minecraft:cow":13,"minecraft:blaze":2,"alexsmobs:bone_serpent":1,"alexsmobs:dropbear":2,"minecraft:wither_skeleton":59,"minecraft:enderman":1},"minecraft:killed_by":{"minecraft:wither_skeleton":1,"minecraft:zombie":1,"minecraft:wither":2},"minecraft:dropped":{"minecraft:soul_sand":9,"minecraft:oak_log":1758,"minecraft:nether_star":1,"create:cogwheel":1,"minecraft:flint":884,"minecraft:dirt":108,"tombstone:bag_of_seeds":1,"minecraft:snowball":10,"create:iron_sheet":1,"minecraft:sugar":2,"minecraft:bone":5,"minecraft:gold_ingot":3,"minecraft:gravel":1154,"minecraft:blackstone":11,"minecraft:iron_nugget":7,"minecraft:cobbled_deepslate":15,"minecraft:wheat":1,"minecraft:rotten_flesh":23,"minecraft:oak_planks":2,"alexsmobs:blood_sac":3,"minecraft:charcoal":128,"minecraft:jungle_log":32,"minecraft:chest":1,"create:limestone":2,"create:brass_ingot":21,"minecraft:basalt":96,"minecraft:arrow":20,"minecraft:netherrack":3249,"create:powdered_obsidian":3,"minecraft:egg":2,"minecraft:stone_hoe":1,"minecraft:iron_ingot":187,"minecraft:wheat_seeds":147,"minecraft:cobblestone":25915,"farmersdelight:tree_bark":32,"minecraft:granite":5,"minecraft:copper_ingot":64,"minecraft:grass_block":5,"minecraft:stick":1,"minecraft:polished_andesite":12,"create:cinder_flour":2,"minecraft:lava_bucket":1,"minecraft:diorite":3,"create:mechanical_plough":1,"minecraft:cactus":1,"minecraft:string":1,"minecraft:bucket":5,"create:raw_zinc":434,"minecraft:dandelion":4,"create:brass_funnel":4,"minecraft:kelp":344,"create:shaft":11,"minecraft:stone_sword":6,"hauntedharvest:rotten_apple":1,"minecraft:nether_bricks":4,"minecraft:flint_and_steel":1,"minecraft:diamond_sword":1,"supplementaries:flint_block":115,"minecraft:bundle":2,"minecraft:andesite":743,"minecraft:golden_sword":8,"minecraft:spider_eye":6,"minecraft:bamboo":16,"minecraft:calcite":1,"minecraft:magma_block":303,"create:andesite_funnel":2},"minecraft:picked_up":{"minecraft:wheat":217,"minecraft:diamond_sword":1,"minecraft:wither_rose":1,"alexsmobs:bone_serpent_tooth":3,"minecraft:golden_sword":8,"minecraft:string":26,"wildberries:raspberry":8,"minecraft:soul_soil":2,"create:limestone":2,"create:andesite_funnel":3,"alexsmobs:dropbear_claw":5,"minecraft:deepslate_tiles":2,"alexsmobs:blood_sac":5,"create:cart_assembler":1,"alexsmobs:banana":1,"minecraft:cobbled_deepslate":250,"minecraft:bucket":2,"comforts:sleeping_bag_white":39,"minecraft:calcite":1,"vinery:jungle_grape_seeds_white":2,"minecraft:stick":1,"minecraft:torch":20,"create:andesite_casing":11,"create_sa:large_fueling_tank":1,"minecraft:dried_kelp":344,"tombstone:grave_dust":7,"minecraft:diorite":3,"minecraft:stone_sword":6,"minecraft:cactus":2,"minecraft:rotten_flesh":26,"farmersdelight:tree_bark":736,"minecraft:blaze_rod":6,"minecraft:snowball":75,"alexsmobs:flying_fish":2,"minecraft:cobblestone":18961,"minecraft:furnace_minecart":2,"minecraft:magma_block":111,"minecraft:jungle_log":32,"minecraft:magma_cream":15,"minecraft:andesite":870,"minecraft:brown_wool":6,"minecraft:golden_leggings":1,"create:belt_connector":2,"paraglider:spirit_orb":2,"minecraft:flint":873,"minecraft:tuff":40,"minecraft:wither_skeleton_skull":3,"minecraft:dirt":2084,"create:encased_chain_drive":1,"create:mechanical_plough":1,"minecraft:stripped_bamboo_block":127,"minecraft:glass":23,"minecraft:bone":146,"minecraft:wheat_seeds":669,"create:mechanical_drill":3,"minecraft:raw_gold":31,"create:shaft":16,"minecraft:bamboo":1220,"minecraft:oak_planks":3,"create:gearshift":1,"create:cogwheel":2,"tombstone:scroll_of_feather_fall":1,"minecraft:sand":8,"minecraft:melon":3,"minecraft:grass_block":5,"minecraft:bundle":2,"minecraft:polished_andesite":49,"minecraft:diamond":3,"minecraft:lever":11,"minecraft:granite":5,"minecraft:cocoa_beans":3,"minecraft:oak_sapling":4,"minecraft:netherrack":630,"minecraft:oak_leaves":1,"minecraft:nether_star":1,"minecraft:charcoal":1886,"minecraft:crafting_table":1,"minecraft:brown_mushroom":10,"tombstone:scroll_of_preservation":1,"paraglider:heart_container":4,"create:fluid_pipe":5,"minecraft:flint_and_steel":2,"minecraft:blackstone":9,"create:brass_funnel":5,"minecraft:stripped_warped_stem":2,"minecraft:beef":51,"farmersdelight:straw":255,"create:basin":1,"minecraft:jungle_sapling":8,"minecraft:iron_nugget":119,"minecraft:light_gray_wool":2,"minecraft:spruce_slab":2,"minecraft:sugar_cane":178,"minecraft:chest":3,"create:linear_chassis":2,"minecraft:raw_iron":21,"minecraft:stone":19,"minecraft:copper_ingot":19,"alexsmobs:straddlite":3,"minecraft:mushroom_stem":3,"create_nj:netherite_jetpack_chestplate":1,"create:zinc_ingot":434,"create:steam_engine":1,"create:vertical_gearbox":4,"minecraft:arrow":24,"minecraft:nether_bricks":10,"create:depot":1,"minecraft:bone_block":10,"minecraft:white_wool":14,"minecraft:rail":14,"minecraft:stripped_oak_log":763,"farmersdelight:rich_soil":2,"create:iron_sheet":1,"minecraft:basalt":98,"supplementaries:flint_block":16,"minecraft:leather":38,"wildberries:blueberries":2,"wildberries:blackberry":3,"minecraft:oak_log":1159,"minecraft:ancient_debris":8,"minecraft:gunpowder":2,"tombstone:gift":1,"farmersdelight:organic_compost":1,"create:crushing_wheel":2,"minecraft:kelp":344,"minecraft:iron_ingot":4,"tombstone:bag_of_seeds":1,"minecraft:soul_sand":109,"minecraft:green_dye":2,"minecraft:dandelion":5,"minecraft:gravel":778,"minecraft:lava_bucket":1,"minecraft:spider_eye":13,"create:wheat_flour":2,"create:millstone":4,"create:brass_ingot":3,"hauntedharvest:rotten_apple":1,"create:mechanical_pump":2,"create:encased_fan":1,"minecraft:coal":103,"minecraft:hopper":7},"minecraft:broken":{"minecraft:stone_hoe":2},"minecraft:used":{"create:deployer":94,"minecraft:spruce_slab":2,"sophisticatedbackpacks:copper_backpack":1,"minecraft:chest":32,"minecraft:soul_sand":8,"create:cogwheel":15,"minecraft:nether_bricks":6,"minecraft:furnace_minecart":4,"create:depot":4,"minecraft:snowball":3,"minecraft:obsidian":4,"minecraft:glass":342,"minecraft:lava_bucket":17,"minecraft:netherite_shovel":2488,"create:millstone":14,"create:andesite_funnel":35,"create:rotation_speed_controller":1,"create:shaft":134,"create:steam_engine":2,"minecraft:furnace":1,"create:mechanical_drill":413,"minecraft:egg":1,"farmersdelight:hamburger":76,"create:crushing_wheel":2,"minecraft:wither_skeleton_skull":3,"minecraft:oak_planks":8,"minecraft:cactus":3,"minecraft:diamond_axe":255,"minecraft:sugar_cane":41,"farmersdelight:organic_compost":81,"minecraft:oak_leaves":1,"create_sa:brass_jetpack_chestplate":5,"minecraft:sand":4,"minecraft:shears":1,"minecraft:deepslate_tiles":99,"minecraft:lever":28,"tombstone:grave_key":5,"create:adjustable_chain_gearshift":6,"minecraft:gravel":4,"minecraft:diamond_sword":203,"create:basin":6,"minecraft:andesite":3,"create:vertical_gearbox":8,"minecraft:bone_meal":3,"create:large_cogwheel":1,"minecraft:netherite_sword":266,"farmersdelight:diamond_knife":695,"minecraft:flint_and_steel":2,"create:item_vault":81,"minecraft:dried_kelp":2,"farmersdelight:rich_soil":2,"minecraft:stone_hoe":388,"minecraft:netherrack":92,"wildberries:raspberry":9,"minecraft:torch":143,"minecraft:dirt":883,"create:mechanical_pump":12,"create:attribute_filter":4,"minecraft:hopper":19,"create:mechanical_plough":1,"create:chute":30,"create:wrench":646,"create:gearbox":29,"create:cart_assembler":9,"minecraft:bamboo":72,"create:encased_chain_drive":21,"minecraft:basalt":2,"minecraft:soul_soil":2,"create:fluid_pipe":43,"minecraft:netherite_pickaxe":3086,"tombstone:gift":1,"comforts:sleeping_bag_white":39,"minecraft:cobbled_deepslate":27,"create:belt_connector":62,"create:gearshift":10,"sophisticatedbackpacks:gold_backpack":4,"minecraft:wheat_seeds":225,"minecraft:water_bucket":43,"minecraft:warped_stem":2,"wildberries:blackberry":3,"minecraft:polished_andesite":1,"minecraft:netherite_chestplate":1,"minecraft:brown_mushroom":10,"minecraft:cobblestone_slab":4,"create:furnace_minecart_contraption":17,"minecraft:rail":30,"create:encased_fan":5,"create:brass_funnel":60,"minecraft:crafting_table":4,"minecraft:white_bed":10,"minecraft:oak_log":43,"create:linear_chassis":437,"minecraft:diamond_pickaxe":23,"supplementaries:cage":3,"create:mechanical_press":4,"minecraft:enchanted_book":5,"minecraft:cobblestone":15,"create_sa:portable_drill":1,"minecraft:bucket":57,"create_nj:netherite_jetpack_chestplate":1,"create:clutch":1,"minecraft:stripped_oak_log":20},"minecraft:mined":{"minecraft:stripped_warped_stem":2,"farmersdelight:rich_soil":2,"minecraft:farmland":81,"create:andesite_casing":10,"minecraft:granite":5,"minecraft:grass_block":1526,"wildberries:raspberry_bush_stage_3":3,"minecraft:jungle_log":148,"minecraft:soul_soil":2,"minecraft:hopper":7,"create:belt":1,"minecraft:spawner":1,"minecraft:tall_seagrass":2,"minecraft:magma_block":175,"minecraft:iron_ore":45,"minecraft:cobbled_deepslate":56,"minecraft:fire":10,"create:limestone":2,"farmersdelight:organic_compost":1,"minecraft:blackstone":14,"minecraft:kelp_plant":40,"minecraft:crimson_nylium":1,"minecraft:torch":7,"wildberries:blueberry_bush_stage_3":1,"minecraft:poppy":1,"minecraft:calcite":2,"minecraft:melon":3,"minecraft:chest":2,"minecraft:mushroom_stem":3,"farmersdelight:brown_mushroom_colony":2,"minecraft:glass":23,"minecraft:cobblestone":7,"minecraft:oak_planks":3,"minecraft:sugar_cane":98,"wildberries:blackberry_bush_stage_3":1,"minecraft:wall_torch":5,"create:basin":1,"minecraft:warped_nylium":1,"minecraft:wheat":222,"minecraft:grass":797,"minecraft:oak_log":16,"minecraft:sand":12,"minecraft:dirt":770,"create:encased_chain_drive":1,"minecraft:netherrack":717,"minecraft:ancient_debris":8,"create:linear_chassis":1,"minecraft:oak_leaves":5,"minecraft:deepslate":336,"create:brass_funnel":2,"create:zinc_ore":10,"minecraft:deepslate_tiles":2,"minecraft:tuff":40,"minecraft:deepslate_diamond_ore":4,"minecraft:lever":4,"minecraft:nether_bricks":8,"create:large_cogwheel":1,"create:depot":1,"create:encased_fan":1,"create:shaft":4,"minecraft:snow":63,"minecraft:andesite":889,"minecraft:vine":1,"create:cart_assembler":1,"minecraft:rail":3,"minecraft:bamboo":158,"minecraft:stone":357,"minecraft:soul_sand":109,"minecraft:basalt":151,"minecraft:dandelion":5,"minecraft:crafting_table":1,"minecraft:tall_grass":83,"minecraft:deepslate_gold_ore":26,"minecraft:diorite":3,"minecraft:cactus":2,"create:gearbox":1,"minecraft:ice":152,"create:mechanical_drill":3,"minecraft:coal_ore":26,"minecraft:gravel":9,"minecraft:cobweb":4,"minecraft:polished_andesite":1,"create:andesite_funnel":1,"minecraft:gold_ore":18,"minecraft:fern":12}},"DataVersion":3465}