{"stats":{"minecraft:killed":{"minecraft:cave_spider":4,"alexsmobs:murmur":1,"minecraft:skeleton":157,"alexsmobs:straddler":12,"minecraft:magma_cube":32,"minecraft:iron_golem":1,"minecraft:zombie":74,"minecraft:cow":13,"alexsmobs:seagull":1,"minecraft:enderman":6,"minecraft:zombified_piglin":1,"minecraft:witch":5,"minecraft:spider":16,"minecraft:wither":1,"artifacts:mimic":2,"alexsmobs:stradpole":3,"minecraft:creeper":9,"alexsmobs:crimson_mosquito":6,"minecraft:ghast":1,"minecraft:blaze":40,"alexsmobs:bone_serpent":2,"alexsmobs:dropbear":2,"minecraft:slime":26,"minecraft:drowned":1,"minecraft:wither_skeleton":60},"minecraft:broken":{"minecraft:stone_hoe":4},"minecraft:custom":{"minecraft:interact_with_crafting_table":1406,"minecraft:open_barrel":11,"goblintraders:trade_with_goblin":339,"minecraft:leave_game":40,"minecraft:time_since_death":1090359,"tombstone:eaten_lollipop":2,"minecraft:play_time":2481349,"minecraft:deaths":9,"minecraft:jump":8477,"tombstone:kill_undead_boss":1,"minecraft:enchant_item":19,"minecraft:interact_with_furnace":7,"minecraft:traded_with_villager":45,"minecraft:sleep_in_bed":98,"minecraft:damage_dealt":63107,"tombstone:use_disenchantment":3,"tombstone:undead_killed":297,"minecraft:interact_with_smoker":18,"minecraft:interact_with_smithing_table":4,"minecraft:inspect_hopper":140,"minecraft:damage_dealt_absorbed":50,"minecraft:sneak_time":102995,"minecraft:total_world_time":2481349,"tombstone:raider_killed":5,"minecraft:interact_with_stonecutter":54,"minecraft:time_since_rest":23856,"minecraft:swim_one_cm":475604,"minecraft:fly_one_cm":13104735,"minecraft:open_chest":2160,"minecraft:fall_one_cm":643728,"minecraft:animals_bred":3,"minecraft:sprint_one_cm":1145334,"minecraft:drop":1193,"minecraft:talked_to_villager":53,"minecraft:interact_with_brewingstand":5,"minecraft:walk_on_water_one_cm":247857,"minecraft:crouch_one_cm":206793,"minecraft:mob_kills":10622,"minecraft:damage_dealt_resisted":588,"minecraft:climb_one_cm":6384,"minecraft:walk_one_cm":5018220,"tombstone:consume_soul":3,"minecraft:walk_under_water_one_cm":164344,"minecraft:interact_with_grindstone":1,"minecraft:damage_taken":23672,"minecraft:trigger_trapped_chest":1},"minecraft:mined":{"minecraft:stripped_warped_stem":2,"minecraft:white_bed":3,"create:andesite_casing":15,"minecraft:granite":17,"minecraft:stone_brick_wall":10,"wildberries:raspberry_bush_stage_3":3,"minecraft:jungle_log":148,"minecraft:hopper":9,"create:belt":1,"minecraft:nether_wart":224,"minecraft:oxeye_daisy":1,"minecraft:chiseled_stone_bricks":15,"minecraft:spawner":1,"minecraft:tall_seagrass":14,"minecraft:magma_block":175,"minecraft:cobbled_deepslate":56,"minecraft:fire":22,"minecraft:barrel":3,"minecraft:moss_carpet":6,"minecraft:deepslate_lapis_ore":3,"minecraft:cave_vines":6,"create:limestone":2,"minecraft:brown_mushroom":30,"minecraft:kelp_plant":169,"minecraft:crimson_nylium":4,"minecraft:torch":21,"minecraft:melon":3,"minecraft:spruce_wall_sign":4,"farmersdelight:cabbages":232,"minecraft:glass":33,"minecraft:sugar_cane":102,"wildberries:blackberry_bush_stage_3":1,"minecraft:spruce_sign":4,"create:basin":1,"minecraft:repeater":1,"minecraft:wheat":270,"minecraft:grass":857,"create:linear_chassis":2,"minecraft:piston":2,"minecraft:deepslate":475,"create:zinc_ore":50,"minecraft:deepslate_tiles":2,"minecraft:mossy_cobblestone":1,"minecraft:nether_bricks":8,"minecraft:allium":18,"minecraft:spruce_fence":8,"minecraft:redstone_wire":1,"create:encased_fan":1,"minecraft:moss_block":114,"minecraft:kelp":13,"minecraft:redstone_ore":3,"create:shaft":5,"minecraft:snow":246,"minecraft:andesite":991,"minecraft:warped_wall_sign":2,"minecraft:vine":1,"minecraft:cobblestone_slab":1,"create:cart_assembler":1,"minecraft:rail":3,"create:chute":7,"minecraft:bamboo":666,"minecraft:oak_slab":1,"minecraft:soul_sand":115,"minecraft:dandelion":6,"minecraft:cornflower":1,"create:fluid_pipe":15,"minecraft:tall_grass":89,"minecraft:copper_ore":44,"minecraft:deepslate_gold_ore":36,"minecraft:diorite":19,"alexsmobs:hummingbird_feeder":1,"create:water_wheel_structure":1,"create:gearbox":2,"minecraft:spruce_log":1386,"create:mechanical_drill":3,"minecraft:gravel":25,"minecraft:cobweb":4,"minecraft:spruce_fence_gate":5,"minecraft:stone_bricks":67,"create:andesite_funnel":1,"minecraft:gold_ore":18,"minecraft:fern":12,"create:deepslate_zinc_ore":246,"minecraft:spruce_planks":3,"farmersdelight:rich_soil":6,"minecraft:farmland":311,"minecraft:spruce_trapdoor":23,"minecraft:cave_vines_plant":2,"minecraft:grass_block":2776,"minecraft:soul_soil":2,"minecraft:warped_sign":2,"minecraft:composter":6,"comforts:sleeping_bag_white":1,"minecraft:glowstone":85,"minecraft:iron_ore":65,"minecraft:azure_bluet":10,"minecraft:red_tulip":3,"minecraft:spruce_slab":77,"minecraft:deepslate_redstone_ore":112,"minecraft:blackstone":16,"farmersdelight:organic_compost":137,"wildberries:blueberry_bush_stage_3":1,"minecraft:calcite":2,"minecraft:poppy":1,"minecraft:chest":9,"farmersdelight:brown_mushroom_colony":437,"minecraft:mushroom_stem":31,"minecraft:cobblestone":13,"minecraft:oak_planks":11,"minecraft:wall_torch":5,"minecraft:seagrass":1,"minecraft:warped_nylium":1,"minecraft:warped_planks":36,"minecraft:birch_log":138,"minecraft:tnt":1,"minecraft:oak_log":390,"minecraft:sand":13,"minecraft:dirt":1364,"create:encased_chain_drive":1,"minecraft:netherrack":953,"minecraft:ancient_debris":8,"create:crimsite":2,"minecraft:oak_leaves":7,"create:brass_funnel":2,"minecraft:tuff":100,"farmersdelight:onions":229,"minecraft:deepslate_diamond_ore":34,"minecraft:glow_lichen":1,"minecraft:lever":4,"create:large_cogwheel":1,"create:depot":1,"minecraft:brown_mushroom_block":225,"minecraft:oak_trapdoor":1,"minecraft:spruce_sapling":16,"minecraft:carrots":89,"minecraft:stripped_spruce_log":14,"minecraft:polished_deepslate":1,"minecraft:deepslate_iron_ore":21,"minecraft:stripped_oak_log":2,"minecraft:packed_ice":10,"createaddition:large_connector":7,"minecraft:stone":1832,"minecraft:redstone_wall_torch":2,"minecraft:podzol":29,"minecraft:basalt":151,"minecraft:crafting_table":1,"minecraft:spruce_stairs":6,"minecraft:cactus":4,"minecraft:ice":1371,"minecraft:coal_ore":54,"minecraft:polished_andesite":1},"minecraft:used":{"minecraft:moss_block":4,"create:deployer":111,"minecraft:spruce_slab":109,"sophisticatedbackpacks:copper_backpack":3,"farmersdelight:cabbage_seeds":231,"minecraft:chest":76,"minecraft:stone":126,"minecraft:warped_sign":68,"create:fluid_tank":69,"minecraft:soul_sand":94,"create:white_sail":45,"create:mechanical_crafter":31,"create:depot":12,"minecraft:snowball":3,"minecraft:stripped_spruce_log":1,"minecraft:packed_ice":102,"minecraft:lava_bucket":26,"minecraft:netherite_shovel":4854,"create:andesite_funnel":35,"minecraft:netherite_boots":1,"create:rotation_speed_controller":4,"create:shaft":194,"minecraft:oak_sapling":2,"create:steam_engine":2,"minecraft:furnace":2,"create_power_loader:brass_chunk_loader":6,"minecraft:egg":1,"farmersdelight:hamburger":127,"minecraft:diorite":8,"minecraft:spruce_door":1,"minecraft:cactus":6,"minecraft:composter":40,"minecraft:oak_leaves":1,"create:spout":3,"minecraft:sand":5,"minecraft:netherite_helmet":2,"minecraft:deepslate_tiles":99,"createaddition:gold_spool":58,"create:adjustable_chain_gearshift":6,"minecraft:diamond_sword":203,"create:basin":10,"minecraft:ice":7,"minecraft:oak_boat":1,"minecraft:oak_trapdoor":73,"minecraft:netherrack":242,"minecraft:torch":343,"minecraft:brewing_stand":1,"farmersdelight:beef_patty":1,"create:wrench":1225,"create:gearbox":41,"minecraft:polished_deepslate_wall":12,"minecraft:barrel":17,"minecraft:bamboo":214,"create:encased_chain_drive":47,"minecraft:basalt":2,"tombstone:gift":1,"create:fluid_pipe":78,"comforts:sleeping_bag_white":98,"minecraft:cobbled_deepslate":27,"create:belt_connector":74,"create:smart_fluid_pipe":2,"sophisticatedbackpacks:gold_backpack":6,"createaddition:large_connector":38,"minecraft:wheat_seeds":401,"minecraft:water_bucket":185,"minecraft:chiseled_bookshelf":6,"minecraft:warped_stem":2,"create:brass_tunnel":1,"minecraft:spruce_fence_gate":15,"create:blaze_burner":3,"create:furnace_minecart_contraption":18,"minecraft:mossy_cobblestone":25,"minecraft:rail":36,"create:encased_fan":5,"minecraft:oak_slab":76,"minecraft:crafting_table":10,"minecraft:white_bed":39,"minecraft:spruce_log":1,"minecraft:mushroom_stem":3,"minecraft:oak_log":148,"minecraft:diamond_pickaxe":2504,"create:water_wheel":1,"minecraft:spruce_trapdoor":161,"minecraft:spruce_sapling":92,"minecraft:chiseled_stone_bricks":67,"minecraft:enchanted_book":68,"minecraft:cobblestone":48,"minecraft:potion":1,"create_sa:portable_drill":1,"create:clutch":1,"minecraft:stripped_oak_log":33,"minecraft:polished_deepslate":32,"minecraft:diamond_hoe":134,"minecraft:nether_wart":304,"tombstone:lollipop":2,"create:mechanical_bearing":1,"create:cogwheel":56,"minecraft:nether_bricks":6,"minecraft:carrot":390,"minecraft:furnace_minecart":6,"minecraft:obsidian":4,"minecraft:glass":615,"minecraft:lantern":8,"create:millstone":14,"minecraft:stone_bricks":529,"minecraft:repeater":33,"createaddition:electric_motor":3,"farmersdelight:cutting_board":1,"create:mechanical_drill":560,"minecraft:wither_skeleton_skull":3,"create:crushing_wheel":2,"minecraft:oak_planks":80,"minecraft:diamond_axe":265,"minecraft:sugar_cane":41,"create:mechanical_saw":14,"farmersdelight:organic_compost":585,"create_sa:brass_jetpack_chestplate":59,"createaddition:rolling_mill":1,"minecraft:stone_brick_wall":242,"minecraft:shears":1,"minecraft:redstone_torch":10,"minecraft:lever":32,"vinery:grass_slab":36,"tombstone:grave_key":6,"minecraft:deepslate":22,"minecraft:gravel":6,"minecraft:grindstone":1,"minecraft:andesite":3,"create:vertical_gearbox":17,"minecraft:bone_meal":2446,"create:large_cogwheel":3,"minecraft:oak_fence":62,"storagedrawers:oak_full_drawers_1":1,"minecraft:netherite_sword":1110,"sophisticatedbackpacks:iron_backpack":1,"farmersdelight:diamond_knife":695,"minecraft:flint_and_steel":2,"create:item_vault":86,"minecraft:redstone":17,"minecraft:dried_kelp":2,"minecraft:spruce_planks":112,"farmersdelight:rich_soil":6,"minecraft:stone_hoe":710,"wildberries:raspberry":9,"minecraft:dirt":1604,"create:mechanical_pump":46,"create:mechanical_mixer":3,"minecraft:hopper":69,"createaddition:modular_accumulator":55,"create:attribute_filter":4,"minecraft:spruce_stairs":51,"create:mechanical_plough":2,"minecraft:spruce_fence":36,"create:chute":181,"minecraft:iron_hoe":131,"create:cart_assembler":11,"minecraft:golden_carrot":27,"alexsmobs:hummingbird_feeder":1,"create:radial_chassis":12,"minecraft:soul_soil":2,"minecraft:netherite_pickaxe":5240,"create:gearshift":11,"wildberries:blackberry":3,"minecraft:glass_bottle":3,"create:empty_blaze_burner":7,"minecraft:polished_andesite":1,"minecraft:netherite_chestplate":1,"minecraft:brown_mushroom":470,"minecraft:spruce_sign":8,"minecraft:stonecutter":2,"minecraft:cobblestone_slab":5,"farmersdelight:onion":231,"create:brass_funnel":62,"minecraft:warped_planks":36,"create:linear_chassis":635,"minecraft:piston":10,"createaddition:alternator":1,"supplementaries:cage":15,"create:mechanical_press":9,"create:windmill_bearing":1,"minecraft:netherite_axe":2478,"create:large_water_wheel":39,"create_sa:block_picker":4,"minecraft:bucket":200,"create_nj:netherite_jetpack_chestplate":53,"create:hand_crank":1,"minecraft:splash_potion":1},"minecraft:crafted":{"minecraft:blaze_powder":100,"create:brass_nugget":9,"minecraft:lever":16,"create:item_vault":122,"create:radial_chassis":15,"create:rotation_speed_controller":1,"minecraft:diamond_helmet":1,"create:andesite_funnel":16,"minecraft:repeater":32,"create:mechanical_press":2,"create:brass_funnel":12,"create:cogwheel":412,"create:mechanical_plough":1,"minecraft:glass_bottle":6,"minecraft:furnace_minecart":1,"create:rose_quartz":139,"minecraft:emerald":19,"minecraft:diamond_axe":1,"create:adjustable_chain_gearshift":2,"minecraft:spruce_door":3,"storagedrawers:oak_full_drawers_1":2,"minecraft:mossy_cobblestone":64,"minecraft:copper_ingot":879,"create:attribute_filter":1,"farmersdelight:organic_compost":448,"create:encased_chain_drive":19,"create:mechanical_mixer":2,"farmersdelight:beef_patty":14,"create:clutch":1,"createaddition:spool":48,"create:gearbox":31,"create:encased_fan":5,"minecraft:stone_slab":6,"vinery:grass_slab":30,"minecraft:iron_block":279,"minecraft:gold_ingot":718,"create:large_cogwheel":129,"create:propeller":1,"minecraft:netherite_ingot":23,"minecraft:composter":38,"minecraft:spruce_fence_gate":10,"storagedrawers:upgrade_template":8,"minecraft:packed_ice":110,"tombstone:book_of_disenchantment":3,"minecraft:iron_nugget":5966,"sophisticatedbackpacks:stack_upgrade_tier_3":1,"create:white_sail":42,"minecraft:diamond_hoe":1,"sophisticatedbackpacks:stack_upgrade_tier_1":1,"minecraft:bone_meal":3159,"minecraft:spruce_fence":126,"storagedrawers:oak_half_drawers_1":1,"storagedrawers:emerald_storage_upgrade":7,"minecraft:lantern":40,"minecraft:netherite_axe":1,"minecraft:spruce_stairs":56,"betterend:charcoal_block":195,"minecraft:spruce_slab":78,"minecraft:redstone_block":105,"create:electron_tube":112,"create:belt_connector":122,"create:windmill_bearing":1,"farmersdelight:hamburger":128,"create:brass_tunnel":2,"minecraft:dried_kelp":12,"create:dough":2,"minecraft:deepslate_tiles":144,"createaddition:large_connector":20,"create:andesite_alloy_block":262,"minecraft:golden_apple":36,"minecraft:warped_sign":72,"minecraft:fermented_spider_eye":7,"minecraft:white_bed":36,"create:shaft":656,"createaddition:modular_accumulator":192,"createaddition:gold_spool":28,"minecraft:grindstone":1,"createaddition:capacitor":388,"minecraft:oak_planks":4441,"minecraft:cobblestone_slab":18,"minecraft:barrel":290,"toolbelt:pouch":2,"createaddition:rolling_mill":1,"create:mechanical_bearing":1,"create:deployer":45,"minecraft:warped_planks":200,"minecraft:bamboo_block":1559,"minecraft:hopper":23,"create:cart_assembler":1,"tombstone:grave_key":3,"minecraft:chest":65,"create:spout":3,"minecraft:netherite_upgrade_smithing_template":4,"minecraft:chiseled_stone_bricks":24,"minecraft:rail":32,"minecraft:stone_hoe":7,"minecraft:stone_bricks":672,"minecraft:oak_fence":144,"create:brass_hand":52,"minecraft:respawn_anchor":3,"minecraft:oak_slab":912,"create:depot":7,"minecraft:crafting_table":20,"minecraft:spruce_planks":1164,"create:mechanical_saw":7,"create:fluid_pipe":32,"minecraft:gold_block":53,"minecraft:brewing_stand":1,"minecraft:birch_planks":16,"create:gearshift":6,"sophisticatedbackpacks:upgrade_base":1,"farmersdelight:cutting_board":1,"minecraft:spruce_trapdoor":158,"minecraft:book":37,"minecraft:paper":111,"create:water_wheel":9,"create:super_glue":2,"minecraft:stick":772,"create:mechanical_pump":11,"minecraft:iron_ingot":1960,"minecraft:snow_block":41,"minecraft:redstone_torch":502,"minecraft:deepslate_bricks":144,"minecraft:shears":3,"create:empty_blaze_burner":8,"create:chute":72,"minecraft:redstone":711,"minecraft:stone_brick_wall":144,"minecraft:netherite_sword":1,"minecraft:furnace":2,"minecraft:piston":10,"createaddition:copper_spool":10,"minecraft:diamond_block":9,"minecraft:oak_trapdoor":80,"minecraft:flint_and_steel":1,"minecraft:blue_ice":2,"minecraft:polished_deepslate":188,"minecraft:iron_hoe":1,"minecraft:slime_ball":10,"create:millstone":7,"minecraft:lime_dye":10,"create:fluid_tank":164,"minecraft:chiseled_bookshelf":6,"sophisticatedbackpacks:stack_upgrade_tier_2":1,"create:basin":4,"minecraft:netherite_scrap":90,"minecraft:minecart":1,"sophisticatedbackpacks:iron_backpack":1,"minecraft:sugar":8,"create:andesite_alloy":4074,"create:hand_crank":1,"minecraft:spruce_sign":9,"create:large_water_wheel":9,"minecraft:bucket":6,"minecraft:air":0,"minecraft:bread":255,"minecraft:oak_boat":1,"minecraft:white_wool":13,"create:whisk":2,"minecraft:white_dye":16,"create:linear_chassis":321,"create:mechanical_crafter":9,"minecraft:stonecutter":2,"create:mechanical_drill":290,"supplementaries:flint_block":7,"minecraft:torch":344,"create:smart_fluid_pipe":2},"minecraft:picked_up":{"minecraft:diamond_sword":1,"minecraft:stone_slab":6,"minecraft:wither_rose":1,"alexsmobs:bone_serpent_tooth":3,"minecraft:golden_sword":8,"minecraft:polished_deepslate":1,"minecraft:string":53,"wildberries:raspberry":8,"minecraft:soul_soil":2,"create:limestone":2,"create:cart_assembler":1,"minecraft:cobbled_deepslate":354,"minecraft:spruce_planks":15,"minecraft:golden_helmet":1,"minecraft:composter":6,"create:andesite_casing":16,"createaddition:large_connector":7,"minecraft:warped_planks":36,"minecraft:stone_sword":6,"farmersdelight:onion":1169,"minecraft:iron_block":33,"minecraft:red_tulip":51,"minecraft:glowstone":85,"supplementaries:ash":15,"minecraft:blaze_rod":97,"minecraft:snowball":260,"alexsmobs:flying_fish":3,"minecraft:birch_log":136,"minecraft:furnace_minecart":3,"minecraft:magma_block":111,"minecraft:feather":2,"minecraft:jungle_log":32,"minecraft:brown_wool":9,"minecraft:flint":892,"create:cinder_flour":672,"create:encased_chain_drive":1,"artifacts:shock_pendant":1,"create:mechanical_plough":1,"minecraft:stripped_bamboo_block":767,"create:mechanical_drill":3,"create:shaft":36,"minecraft:diamond_helmet":1,"minecraft:moss_block":113,"create:gearshift":1,"tombstone:scroll_of_feather_fall":1,"minecraft:stripped_spruce_log":14,"minecraft:barrel":15,"minecraft:bundle":3,"minecraft:polished_andesite":49,"create:crimsite":2,"minecraft:deepslate":30,"minecraft:lever":14,"minecraft:granite":11,"alexsmobs:maggot":1,"create:precision_mechanism":3,"create:copper_sheet":117,"minecraft:crafting_table":1,"minecraft:nether_wart":1075,"minecraft:clay_ball":2,"minecraft:leather_leggings":1,"tombstone:scroll_of_preservation":1,"paraglider:heart_container":4,"minecraft:cornflower":1,"create:fluid_pipe":20,"minecraft:flint_and_steel":2,"farmersdelight:beef_patty":102,"minecraft:respawn_anchor":1,"create:brass_funnel":5,"minecraft:stripped_warped_stem":2,"minecraft:beef":51,"minecraft:jungle_sapling":8,"minecraft:iron_nugget":119,"minecraft:poppy":318,"minecraft:spruce_slab":78,"minecraft:chest":10,"minecraft:birch_sapling":65,"minecraft:piston":2,"minecraft:stone":2260,"farmersdelight:minced_beef":102,"alexsmobs:straddlite":3,"minecraft:spruce_fence":7,"minecraft:carrot":554,"minecraft:redstone":103,"minecraft:mushroom_stem":3,"create:brass_casing":69,"create:steam_engine":1,"create:vertical_gearbox":5,"minecraft:warped_sign":1,"create:depot":2,"tombstone:essence_of_undeath":1,"minecraft:gold_ingot":41,"sophisticatedbackpacks:copper_backpack":1,"minecraft:glow_berries":3,"minecraft:oxeye_daisy":1,"minecraft:white_wool":159,"minecraft:bone_block":10,"minecraft:rail":14,"minecraft:stripped_oak_log":2061,"create:iron_sheet":65,"wildberries:blackberry":3,"minecraft:oak_log":1532,"minecraft:ancient_debris":8,"tombstone:gift":1,"farmersdelight:organic_compost":137,"create:crushing_wheel":2,"minecraft:apple":117,"minecraft:stone_bricks":63,"minecraft:kelp":1748,"tombstone:bag_of_seeds":2,"minecraft:glass_bottle":4,"minecraft:flowering_azalea":1,"minecraft:gravel":794,"minecraft:spruce_sapling":389,"minecraft:spruce_log":2255,"minecraft:crying_obsidian":64,"create:millstone":4,"minecraft:slime_ball":56,"hauntedharvest:rotten_apple":7,"create:mechanical_pump":2,"minecraft:warped_roots":2,"minecraft:hopper":9,"minecraft:ender_pearl":16,"minecraft:wheat":265,"minecraft:iron_trapdoor":3,"minecraft:potion":1,"minecraft:raw_copper":18,"create:andesite_funnel":3,"alexsmobs:dropbear_claw":5,"minecraft:deepslate_tiles":2,"alexsmobs:blood_sac":6,"alexsmobs:banana":1,"minecraft:bucket":3,"farmersdelight:cabbage":230,"comforts:sleeping_bag_white":98,"minecraft:redstone_torch":2,"minecraft:cobblestone_slab":1,"minecraft:calcite":1,"minecraft:azalea":4,"farmersdelight:cabbage_seeds":640,"vinery:jungle_grape_seeds_white":2,"minecraft:stick":331,"create:dough":17,"minecraft:torch":82,"create_sa:large_fueling_tank":1,"minecraft:spruce_stairs":6,"minecraft:dried_kelp":1053,"tombstone:grave_dust":33,"minecraft:diorite":17,"tombstone:lollipop":4,"minecraft:cactus":7,"minecraft:rotten_flesh":90,"farmersdelight:tree_bark":2016,"minecraft:obsidian":128,"minecraft:blaze_powder":111,"minecraft:cobblestone":20399,"minecraft:magma_cream":17,"minecraft:repeater":1,"minecraft:andesite":934,"minecraft:golden_leggings":1,"minecraft:potato":1,"paraglider:spirit_orb":2,"create:belt_connector":2,"minecraft:tuff":92,"create:raw_zinc":102,"minecraft:wither_skeleton_skull":3,"minecraft:dirt":4173,"minecraft:leather_boots":3,"minecraft:glass":42,"minecraft:bone":580,"minecraft:bow":15,"minecraft:wheat_seeds":835,"minecraft:raw_gold":49,"minecraft:bamboo":6837,"minecraft:oak_planks":142,"create:cogwheel":2,"minecraft:sand":91,"minecraft:melon":3,"minecraft:grass_block":27,"minecraft:mossy_cobblestone":1,"minecraft:spruce_fence_gate":5,"minecraft:diamond":8,"minecraft:spruce_sign":4,"minecraft:oak_sapling":236,"minecraft:netherrack":1063,"minecraft:oak_leaves":1,"minecraft:nether_star":1,"minecraft:cocoa_beans":3,"minecraft:charcoal":1886,"minecraft:allium":19,"minecraft:azure_bluet":106,"minecraft:packed_ice":10,"minecraft:brown_mushroom":2137,"minecraft:stone_brick_wall":8,"alexsmobs:hummingbird_feeder":1,"minecraft:moss_carpet":20,"minecraft:oak_trapdoor":1,"create:chute":7,"minecraft:blackstone":11,"farmersdelight:straw":895,"minecraft:oak_boat":1,"create:basin":1,"minecraft:light_gray_wool":5,"minecraft:sugar_cane":185,"minecraft:spruce_trapdoor":22,"create:linear_chassis":3,"minecraft:raw_iron":47,"create:golden_sheet":1,"minecraft:copper_ingot":20,"create_nj:netherite_jetpack_chestplate":1,"create:zinc_ingot":1080,"minecraft:arrow":265,"minecraft:nether_bricks":10,"minecraft:pink_tulip":1,"farmersdelight:rich_soil":6,"minecraft:basalt":98,"supplementaries:flint_block":16,"minecraft:leather":38,"wildberries:blueberries":2,"minecraft:ice":1001,"minecraft:gunpowder":32,"artifacts:cloud_in_a_bottle":1,"minecraft:iron_ingot":1127,"minecraft:soul_sand":261,"minecraft:green_dye":6,"minecraft:oak_slab":1,"create:large_water_wheel":8,"minecraft:chiseled_stone_bricks":13,"minecraft:quartz":444,"minecraft:dandelion":6,"minecraft:lava_bucket":3,"minecraft:white_bed":3,"minecraft:spider_eye":33,"create:wheat_flour":19,"create:brass_ingot":3,"create:encased_fan":1,"tombstone:magic_scroll":4,"minecraft:coal":106},"minecraft:killed_by":{"minecraft:zombie":1,"minecraft:wither":2,"minecraft:wither_skeleton":1,"minecraft:skeleton":1},"minecraft:dropped":{"minecraft:lapis_lazuli":192,"minecraft:glow_ink_sac":256,"minecraft:warped_roots":2,"create:cogwheel":1,"minecraft:dirt":178,"alexsmobs:flying_fish":1,"minecraft:sand":146,"minecraft:sugar":2,"minecraft:white_wool":4,"minecraft:bone":18,"minecraft:iron_nugget":7,"minecraft:cobbled_deepslate":18,"minecraft:birch_sapling":5,"minecraft:wheat":12,"minecraft:obsidian":64,"minecraft:rotten_flesh":57,"minecraft:oak_planks":130,"minecraft:blaze_powder":116,"alexsmobs:blood_sac":4,"minecraft:charcoal":128,"minecraft:jungle_log":32,"minecraft:leather_boots":2,"create:limestone":2,"minecraft:egg":2,"minecraft:iron_ingot":711,"minecraft:wheat_seeds":154,"minecraft:feather":1,"minecraft:cobblestone":27134,"minecraft:granite":11,"minecraft:polished_andesite":12,"minecraft:oxeye_daisy":1,"minecraft:lava_bucket":1,"minecraft:diamond_helmet":1,"create:mechanical_plough":1,"minecraft:string":7,"create:raw_zinc":1080,"minecraft:spruce_sapling":60,"minecraft:pink_tulip":1,"create:brass_funnel":4,"minecraft:stone_sword":6,"hauntedharvest:rotten_apple":1,"minecraft:clay_ball":2,"create:copper_sheet":38,"minecraft:nether_bricks":4,"minecraft:diamond_sword":1,"minecraft:spruce_planks":12,"minecraft:bundle":2,"create:zinc_ingot":388,"minecraft:spider_eye":15,"minecraft:barrel":12,"minecraft:bamboo":16,"minecraft:bow":15,"minecraft:magma_block":431,"create:andesite_funnel":2,"minecraft:soul_sand":9,"minecraft:brown_mushroom":21,"minecraft:oak_log":1758,"minecraft:nether_star":1,"create:crimsite":2,"minecraft:flint":1339,"tombstone:bag_of_seeds":1,"minecraft:cornflower":1,"minecraft:snowball":10,"create:iron_sheet":1,"minecraft:gold_ingot":248,"minecraft:gravel":1317,"minecraft:blackstone":13,"minecraft:carrot":250,"minecraft:poppy":10,"supplementaries:ash":13,"minecraft:gunpowder":8,"minecraft:chest":1,"create:brass_ingot":229,"create:wheat_flour":17,"minecraft:basalt":96,"minecraft:arrow":245,"minecraft:quartz":478,"minecraft:netherrack":3916,"create:powdered_obsidian":3,"minecraft:stone_hoe":1,"minecraft:bread":9,"minecraft:golden_helmet":1,"farmersdelight:tree_bark":32,"minecraft:copper_ingot":946,"minecraft:grass_block":6,"minecraft:stick":1,"create:cinder_flour":851,"minecraft:diorite":9,"tombstone:magic_scroll":3,"minecraft:torch":42,"minecraft:brown_wool":1,"tombstone:grave_dust":2,"minecraft:cactus":3,"minecraft:bucket":20,"minecraft:dandelion":5,"minecraft:kelp":1713,"minecraft:blaze_rod":26,"create:shaft":12,"minecraft:nether_wart":362,"minecraft:raw_copper":26,"minecraft:stripped_oak_log":16,"minecraft:flint_and_steel":1,"supplementaries:flint_block":115,"minecraft:andesite":743,"minecraft:oak_sapling":4,"farmersdelight:minced_beef":102,"minecraft:golden_sword":8,"minecraft:raw_gold":1,"minecraft:magma_cream":2,"minecraft:calcite":1,"create:golden_sheet":200}},"DataVersion":3465}