{"stats":{"minecraft:picked_up":{"minecraft:wheat":217,"minecraft:diamond_sword":1,"minecraft:wither_rose":1,"minecraft:string":26,"wildberries:raspberry":8,"minecraft:soul_soil":2,"create:limestone":2,"create:andesite_funnel":3,"alexsmobs:dropbear_claw":5,"alexsmobs:blood_sac":5,"create:cart_assembler":1,"minecraft:cobbled_deepslate":205,"comforts:sleeping_bag_white":24,"minecraft:calcite":1,"minecraft:stick":1,"minecraft:torch":3,"create:andesite_casing":1,"create_sa:large_fueling_tank":1,"minecraft:dried_kelp":344,"tombstone:grave_dust":7,"minecraft:diorite":3,"minecraft:stone_sword":6,"minecraft:cactus":1,"minecraft:rotten_flesh":17,"farmersdelight:tree_bark":224,"minecraft:blaze_rod":6,"minecraft:cobblestone":9048,"minecraft:snowball":57,"alexsmobs:flying_fish":2,"minecraft:furnace_minecart":2,"minecraft:magma_block":111,"minecraft:magma_cream":15,"minecraft:andesite":292,"minecraft:golden_leggings":1,"paraglider:spirit_orb":2,"create:belt_connector":2,"minecraft:flint":372,"minecraft:tuff":40,"minecraft:wither_skeleton_skull":3,"minecraft:dirt":291,"create:mechanical_plough":1,"minecraft:bone":131,"minecraft:wheat_seeds":453,"create:mechanical_drill":3,"minecraft:raw_gold":31,"create:shaft":14,"create:gearshift":1,"create:cogwheel":2,"tombstone:scroll_of_feather_fall":1,"minecraft:sand":8,"minecraft:bundle":2,"minecraft:polished_andesite":49,"minecraft:diamond":3,"minecraft:lever":8,"minecraft:granite":5,"minecraft:oak_sapling":4,"minecraft:netherrack":630,"minecraft:oak_leaves":1,"minecraft:nether_star":1,"minecraft:charcoal":1886,"minecraft:crafting_table":1,"tombstone:scroll_of_preservation":1,"paraglider:heart_container":4,"create:fluid_pipe":5,"minecraft:flint_and_steel":2,"minecraft:blackstone":9,"create:brass_funnel":1,"minecraft:stripped_warped_stem":2,"minecraft:beef":51,"create:basin":1,"minecraft:iron_nugget":84,"minecraft:spruce_slab":2,"minecraft:sugar_cane":84,"minecraft:chest":2,"create:linear_chassis":2,"minecraft:raw_iron":21,"minecraft:stone":19,"minecraft:copper_ingot":19,"alexsmobs:straddlite":3,"create_nj:netherite_jetpack_chestplate":1,"create:zinc_ingot":434,"create:steam_engine":1,"create:vertical_gearbox":2,"minecraft:arrow":24,"minecraft:nether_bricks":10,"create:depot":1,"minecraft:rail":14,"minecraft:stripped_oak_log":251,"minecraft:basalt":94,"supplementaries:flint_block":13,"minecraft:leather":38,"wildberries:blackberry":3,"minecraft:oak_log":60,"minecraft:ancient_debris":8,"minecraft:gunpowder":2,"tombstone:gift":1,"create:crushing_wheel":2,"minecraft:kelp":344,"minecraft:iron_ingot":3,"tombstone:bag_of_seeds":1,"minecraft:soul_sand":109,"minecraft:green_dye":2,"minecraft:dandelion":2,"minecraft:gravel":348,"minecraft:lava_bucket":1,"minecraft:spider_eye":13,"create:wheat_flour":2,"create:millstone":4,"create:brass_ingot":3,"hauntedharvest:rotten_apple":1,"create:encased_fan":1,"create:mechanical_pump":2,"minecraft:coal":100,"minecraft:hopper":2},"minecraft:dropped":{"minecraft:soul_sand":9,"minecraft:oak_log":1758,"minecraft:nether_star":1,"create:cogwheel":1,"minecraft:flint":266,"minecraft:dirt":8,"tombstone:bag_of_seeds":1,"minecraft:snowball":7,"minecraft:sugar":2,"minecraft:gold_ingot":3,"minecraft:bone":5,"minecraft:gravel":393,"minecraft:blackstone":11,"minecraft:iron_nugget":7,"minecraft:wheat":1,"minecraft:rotten_flesh":17,"minecraft:oak_planks":1,"alexsmobs:blood_sac":3,"minecraft:charcoal":128,"minecraft:chest":1,"create:limestone":2,"create:brass_ingot":21,"minecraft:basalt":92,"minecraft:arrow":20,"minecraft:netherrack":3249,"create:powdered_obsidian":3,"minecraft:egg":2,"minecraft:stone_hoe":1,"minecraft:iron_ingot":176,"minecraft:wheat_seeds":9,"minecraft:cobblestone":12354,"farmersdelight:tree_bark":32,"minecraft:granite":5,"minecraft:copper_ingot":64,"minecraft:polished_andesite":12,"minecraft:stick":1,"create:cinder_flour":2,"minecraft:diorite":3,"create:mechanical_plough":1,"minecraft:cactus":1,"minecraft:string":1,"minecraft:bucket":3,"create:raw_zinc":434,"minecraft:dandelion":1,"create:brass_funnel":4,"minecraft:kelp":344,"create:shaft":11,"minecraft:stone_sword":6,"hauntedharvest:rotten_apple":1,"minecraft:nether_bricks":4,"minecraft:flint_and_steel":1,"minecraft:diamond_sword":1,"supplementaries:flint_block":13,"minecraft:bundle":2,"minecraft:andesite":164,"minecraft:spider_eye":6,"minecraft:calcite":1,"minecraft:magma_block":303,"create:andesite_funnel":2},"minecraft:used":{"create:deployer":94,"minecraft:spruce_slab":2,"minecraft:chest":30,"minecraft:soul_sand":8,"create:cogwheel":15,"minecraft:nether_bricks":6,"minecraft:furnace_minecart":4,"create:depot":3,"minecraft:snowball":3,"minecraft:obsidian":4,"minecraft:lava_bucket":3,"minecraft:netherite_shovel":337,"create:millstone":12,"create:andesite_funnel":33,"create:rotation_speed_controller":1,"create:shaft":96,"create:steam_engine":2,"minecraft:furnace":1,"create:mechanical_drill":394,"minecraft:egg":1,"farmersdelight:hamburger":57,"create:crushing_wheel":2,"minecraft:wither_skeleton_skull":3,"minecraft:cactus":2,"minecraft:diamond_axe":26,"minecraft:sugar_cane":40,"create_sa:brass_jetpack_chestplate":5,"minecraft:oak_leaves":1,"minecraft:sand":4,"minecraft:shears":1,"minecraft:lever":22,"tombstone:grave_key":4,"minecraft:gravel":3,"minecraft:diamond_sword":203,"create:basin":6,"minecraft:andesite":1,"create:vertical_gearbox":8,"minecraft:bone_meal":2,"create:large_cogwheel":1,"minecraft:netherite_sword":30,"minecraft:flint_and_steel":2,"create:item_vault":68,"minecraft:dried_kelp":2,"minecraft:stone_hoe":3,"minecraft:netherrack":92,"wildberries:raspberry":9,"minecraft:torch":101,"create:mechanical_pump":9,"minecraft:dirt":118,"minecraft:hopper":4,"create:attribute_filter":3,"create:mechanical_plough":1,"create:wrench":446,"create:gearbox":22,"create:cart_assembler":9,"minecraft:basalt":2,"minecraft:soul_soil":2,"minecraft:netherite_pickaxe":2793,"create:fluid_pipe":43,"comforts:sleeping_bag_white":24,"create:belt_connector":44,"create:gearshift":7,"sophisticatedbackpacks:gold_backpack":2,"minecraft:wheat_seeds":225,"minecraft:water_bucket":1,"minecraft:warped_stem":2,"wildberries:blackberry":3,"minecraft:polished_andesite":1,"minecraft:netherite_chestplate":1,"create:furnace_minecart_contraption":17,"minecraft:rail":30,"create:encased_fan":5,"create:brass_funnel":31,"minecraft:crafting_table":3,"minecraft:oak_log":7,"create:linear_chassis":437,"supplementaries:cage":3,"create:mechanical_press":4,"minecraft:cobblestone":12,"create_sa:portable_drill":1,"minecraft:bucket":5,"create_nj:netherite_jetpack_chestplate":1,"create:clutch":1,"minecraft:stripped_oak_log":20},"minecraft:custom":{"minecraft:interact_with_crafting_table":100,"goblintraders:trade_with_goblin":198,"minecraft:leave_game":13,"minecraft:time_since_death":479063,"minecraft:sprint_one_cm":225367,"minecraft:drop":432,"minecraft:play_time":565955,"minecraft:deaths":7,"minecraft:jump":1912,"tombstone:kill_undead_boss":1,"minecraft:walk_on_water_one_cm":18924,"minecraft:sleep_in_bed":24,"minecraft:damage_dealt":26039,"tombstone:use_disenchantment":2,"minecraft:crouch_one_cm":31907,"tombstone:undead_killed":79,"minecraft:interact_with_smoker":5,"minecraft:interact_with_smithing_table":1,"minecraft:mob_kills":3063,"minecraft:inspect_hopper":18,"minecraft:damage_dealt_resisted":104,"minecraft:climb_one_cm":1442,"minecraft:walk_one_cm":975115,"tombstone:consume_soul":2,"minecraft:damage_dealt_absorbed":50,"minecraft:sneak_time":18033,"minecraft:walk_under_water_one_cm":31594,"minecraft:total_world_time":565955,"minecraft:time_since_rest":644,"minecraft:damage_taken":10658,"minecraft:swim_one_cm":25331,"minecraft:fly_one_cm":2367920,"minecraft:open_chest":501,"minecraft:fall_one_cm":165838},"minecraft:killed_by":{"minecraft:wither_skeleton":1,"minecraft:zombie":1,"minecraft:wither":2},"minecraft:crafted":{"minecraft:oak_planks":556,"minecraft:barrel":62,"create:brass_nugget":9,"minecraft:lever":6,"create:item_vault":82,"create:deployer":35,"minecraft:hopper":1,"create:andesite_funnel":16,"create:cart_assembler":1,"tombstone:grave_key":2,"minecraft:chest":3,"minecraft:netherite_upgrade_smithing_template":4,"create:brass_funnel":6,"minecraft:stone_hoe":1,"create:cogwheel":81,"create:brass_hand":35,"minecraft:oak_slab":126,"create:depot":2,"create:rose_quartz":29,"minecraft:crafting_table":2,"create:fluid_pipe":32,"minecraft:copper_ingot":72,"minecraft:gold_block":51,"create:attribute_filter":1,"create:gearshift":4,"create:clutch":1,"create:gearbox":18,"create:encased_fan":5,"minecraft:book":2,"minecraft:paper":6,"create:super_glue":1,"create:mechanical_pump":2,"minecraft:iron_ingot":745,"minecraft:iron_block":30,"minecraft:gold_ingot":259,"create:propeller":1,"minecraft:netherite_ingot":23,"minecraft:shears":1,"tombstone:book_of_disenchantment":2,"minecraft:netherite_sword":1,"minecraft:iron_nugget":1115,"minecraft:bone_meal":3,"minecraft:flint_and_steel":1,"betterend:charcoal_block":195,"minecraft:slime_ball":2,"create:millstone":7,"minecraft:lime_dye":2,"create:basin":1,"create:electron_tube":29,"minecraft:netherite_scrap":90,"create:belt_connector":14,"minecraft:sugar":1,"farmersdelight:hamburger":64,"create:andesite_alloy":714,"create:dough":2,"minecraft:bucket":1,"minecraft:bread":64,"minecraft:air":0,"minecraft:white_dye":1,"create:linear_chassis":141,"create:mechanical_drill":143,"create:shaft":120,"minecraft:torch":64},"minecraft:killed":{"minecraft:cave_spider":4,"minecraft:zombified_piglin":1,"minecraft:spider":3,"minecraft:wither":1,"minecraft:skeleton":9,"alexsmobs:straddler":10,"minecraft:magma_cube":29,"alexsmobs:stradpole":3,"minecraft:creeper":2,"alexsmobs:crimson_mosquito":5,"minecraft:zombie":9,"minecraft:ghast":1,"minecraft:blaze":2,"minecraft:cow":13,"alexsmobs:dropbear":2,"minecraft:wither_skeleton":59,"minecraft:enderman":1},"minecraft:mined":{"minecraft:stripped_warped_stem":2,"minecraft:granite":5,"minecraft:grass_block":148,"wildberries:raspberry_bush_stage_3":3,"minecraft:soul_soil":2,"create:belt":1,"minecraft:hopper":2,"minecraft:spawner":1,"minecraft:tall_seagrass":2,"minecraft:magma_block":175,"minecraft:iron_ore":45,"minecraft:fire":9,"create:limestone":2,"minecraft:blackstone":14,"minecraft:kelp_plant":40,"minecraft:crimson_nylium":1,"minecraft:calcite":2,"minecraft:chest":1,"minecraft:cobblestone":4,"minecraft:sugar_cane":46,"wildberries:blackberry_bush_stage_3":1,"minecraft:wall_torch":3,"create:basin":1,"minecraft:warped_nylium":1,"minecraft:wheat":222,"minecraft:grass":23,"minecraft:oak_log":5,"minecraft:sand":12,"minecraft:dirt":80,"minecraft:oak_leaves":1,"minecraft:ancient_debris":8,"minecraft:netherrack":717,"minecraft:deepslate":336,"create:linear_chassis":1,"create:brass_funnel":1,"create:zinc_ore":10,"minecraft:tuff":40,"minecraft:deepslate_diamond_ore":4,"minecraft:lever":2,"minecraft:nether_bricks":8,"create:large_cogwheel":1,"create:depot":1,"create:encased_fan":1,"create:shaft":2,"minecraft:snow":43,"minecraft:andesite":887,"create:cart_assembler":1,"minecraft:rail":3,"minecraft:stone":194,"minecraft:soul_sand":109,"minecraft:basalt":151,"minecraft:dandelion":1,"minecraft:crafting_table":1,"minecraft:deepslate_gold_ore":26,"minecraft:diorite":3,"minecraft:cactus":1,"create:gearbox":1,"minecraft:ice":118,"create:mechanical_drill":3,"minecraft:gravel":8,"minecraft:cobweb":4,"minecraft:polished_andesite":1,"create:andesite_funnel":1,"minecraft:gold_ore":18}},"DataVersion":3465}