{
  "createdeco:recipes/decorations/iron_catwalk_stairs_from_stonecutting": {
    "criteria": {
      "has_item": "2024-10-05 03:19:40 +0000"
    },
    "done": true
  },
  "create:recipes/misc/crafting/kinetics/chute": {
    "criteria": {
      "has_item": "2024-10-05 03:19:40 +0000"
    },
    "done": true
  },
  "nethersdelight:recipes/tools/golden_machete": {
    "criteria": {
      "has_gold_ingot": "2024-10-05 03:19:40 +0000"
    },
    "done": true
  },
  "minecraft:recipes/building_blocks/light_blue_stained_glass": {
    "criteria": {
      "has_glass": "2024-10-05 03:19:40 +0000"
    },
    "done": true
  },
  "bclib:recipes/decorations/tag_shulker_box": {
    "criteria": {
      "has_tag_c_chest": "2024-10-05 03:19:40 +0000"
    },
    "done": true
  },
  "create:recipes/misc/crafting/kinetics/gantry_shaft": {
    "criteria": {
      "has_item": "2024-10-05 03:19:40 +0000"
    },
    "done": true
  },
  "storagedrawers:recipes/storagedrawers/one_stack_upgrade": {
    "criteria": {
      "has_template": "2024-10-05 03:19:40 +0000"
    },
    "done": true
  },
  "createdeco:recipes/decorations/red_andesite_lamp": {
    "criteria": {
      "has_item": "2024-10-05 03:19:40 +0000"
    },
    "done": true
  },
  "create:recipes/misc/crafting/kinetics/rope_pulley": {
    "criteria": {
      "has_item": "2024-10-05 03:19:40 +0000"
    },
    "done": true
  },
  "create:recipes/combat/crafting/appliances/netherite_diving_helmet_from_netherite": {
    "criteria": {
      "has_item": "2024-10-05 03:19:40 +0000"
    },
    "done": true
  },
  "minecraft:recipes/misc/gold_nugget": {
    "criteria": {
      "has_gold_ingot": "2024-10-05 03:19:40 +0000"
    },
    "done": true
  },
  "minecraft:recipes/combat/iron_helmet": {
    "criteria": {
      "has_iron_ingot": "2024-10-05 03:19:40 +0000"
    },
    "done": true
  },
  "minecraft:recipes/tools/golden_shovel": {
    "criteria": {
      "has_gold_ingot": "2024-10-05 03:19:40 +0000"
    },
    "done": true
  },
  "minecraft:recipes/food/golden_apple": {
    "criteria": {
      "has_gold_ingot": "2024-10-05 03:19:40 +0000"
    },
    "done": true
  },
  "minecraft:recipes/building_blocks/orange_stained_glass": {
    "criteria": {
      "has_glass": "2024-10-05 03:19:40 +0000"
    },
    "done": true
  },
  "create:root": {
    "criteria": {
      "0": "2024-10-05 03:19:40 +0000"
    },
    "done": true
  },
  "minecraft:recipes/combat/golden_boots": {
    "criteria": {
      "has_gold_ingot": "2024-10-05 03:19:40 +0000"
    },
    "done": true
  },
  "supplementaries:recipes/candle_holders/candle_holder_gray": {
    "criteria": {
      "has_iron_ingot": "2024-10-05 03:19:40 +0000"
    },
    "done": true
  },
  "minecraft:recipes/decorations/crafting_table": {
    "criteria": {
      "unlock_right_away": "2024-10-05 03:19:40 +0000"
    },
    "done": true
  },
  "minecraft:recipes/decorations/chest": {
    "criteria": {
      "has_lots_of_items": "2024-10-05 03:19:40 +0000"
    },
    "done": true
  },
  "minecraft:recipes/misc/stick": {
    "criteria": {
      "has_planks": "2024-10-05 03:19:40 +0000"
    },
    "done": true
  },
  "naturalist:recipes/food/cooked_egg": {
    "criteria": {
      "has_eggs": "2024-10-05 03:19:40 +0000"
    },
    "done": true
  },
  "create:recipes/building_blocks/horizontal_framed_glass_from_glass_colorless_stonecutting": {
    "criteria": {
      "has_glass_colorless": "2024-10-05 03:19:40 +0000"
    },
    "done": true
  },
  "storagedrawers:recipes/storagedrawers/dark_oak_drawers": {
    "criteria": {
      "has_chest": "2024-10-05 03:19:40 +0000"
    },
    "done": true
  },
  "storagedrawers:recipes/storagedrawers/illumination_upgrade": {
    "criteria": {
      "has_template": "2024-10-05 03:19:40 +0000"
    },
    "done": true
  },
  "createdeco:recipes/decorations/iron_catwalk_from_stonecutting": {
    "criteria": {
      "has_item": "2024-10-05 03:19:40 +0000"
    },
    "done": true
  },
  "minecraft:recipes/combat/golden_chestplate": {
    "criteria": {
      "has_gold_ingot": "2024-10-05 03:19:40 +0000"
    },
    "done": true
  },
  "create:recipes/misc/crafting/kinetics/wooden_bracket": {
    "criteria": {
      "has_item": "2024-10-05 03:19:40 +0000"
    },
    "done": true
  },
  "supplementaries:recipes/candle_holders/candle_holder_light_gray": {
    "criteria": {
      "has_iron_ingot": "2024-10-05 03:19:40 +0000"
    },
    "done": true
  },
  "create:recipes/misc/crafting/materials/andesite_alloy": {
    "criteria": {
      "has_item": "2024-10-05 03:19:40 +0000"
    },
    "done": true
  },
  "farmersdelight:recipes/combat/golden_knife": {
    "criteria": {
      "has_gold_ingot": "2024-10-05 03:19:40 +0000"
    },
    "done": true
  },
  "createdeco:recipes/decorations/andesite_mesh_fence_from_stonecutting": {
    "criteria": {
      "has_item": "2024-10-05 03:19:40 +0000"
    },
    "done": true
  },
  "another_furniture:recipes/oak_shutter": {
    "criteria": {
      "has_slab": "2024-10-05 03:19:40 +0000"
    },
    "done": true
  },
  "create:recipes/misc/crafting/kinetics/belt_connector": {
    "criteria": {
      "has_item": "2024-10-05 03:19:40 +0000"
    },
    "done": true
  },
  "storagedrawers:recipes/storagedrawers/acacia_trim": {
    "criteria": {
      "has_planks": "2024-10-05 03:19:40 +0000"
    },
    "done": true
  },
  "framedblocks:recipes/building_blocks/framed_cube": {
    "criteria": {
      "hasPlanks": "2024-10-05 03:19:40 +0000"
    },
    "done": true
  },
  "minecraft:recipes/redstone/hopper": {
    "criteria": {
      "has_iron_ingot": "2024-10-05 03:19:40 +0000"
    },
    "done": true
  },
  "minecraft:recipes/building_blocks/red_stained_glass": {
    "criteria": {
      "has_glass": "2024-10-05 03:19:40 +0000"
    },
    "done": true
  },
  "minecraft:story/lava_bucket": {
    "criteria": {
      "lava_bucket": "2024-10-05 03:19:40 +0000"
    },
    "done": true
  },
  "createdeco:recipes/decorations/yellow_shipping_container_from_dyeing_vaults": {
    "criteria": {
      "has_item": "2024-10-05 03:19:40 +0000"
    },
    "done": true
  },
  "trowelsfork:recipes/misc/break_upgrade": {
    "criteria": {
      "has_iron": "2024-10-05 03:19:40 +0000"
    },
    "done": true
  },
  "minecraft:recipes/building_blocks/oak_slab": {
    "criteria": {
      "has_planks": "2024-10-05 03:19:40 +0000"
    },
    "done": true
  },
  "createdeco:recipes/building_blocks/iron_window": {
    "criteria": {
      "has_item": "2024-10-05 03:19:40 +0000"
    },
    "done": true
  },
  "supplementaries:recipes/candle_holders/candle_holder_orange": {
    "criteria": {
      "has_iron_ingot": "2024-10-05 03:19:40 +0000"
    },
    "done": true
  },
  "create:recipes/misc/crafting/curiosities/minecart_coupling": {
    "criteria": {
      "has_item": "2024-10-05 03:19:40 +0000"
    },
    "done": true
  },
  "minecraft:recipes/combat/iron_boots": {
    "criteria": {
      "has_iron_ingot": "2024-10-05 03:19:40 +0000"
    },
    "done": true
  },
  "minecraft:recipes/building_blocks/light_gray_stained_glass": {
    "criteria": {
      "has_glass": "2024-10-05 03:19:40 +0000"
    },
    "done": true
  },
  "createdeco:recipes/decorations/orange_shipping_container_from_dyeing_vaults": {
    "criteria": {
      "has_item": "2024-10-05 03:19:40 +0000"
    },
    "done": true
  },
  "storagedrawers:recipes/storagedrawers/warped_drawers": {
    "criteria": {
      "has_chest": "2024-10-05 03:19:40 +0000"
    },
    "done": true
  },
  "supplementaries:recipes/candle_holders/candle_holder_red": {
    "criteria": {
      "has_iron_ingot": "2024-10-05 03:19:40 +0000"
    },
    "done": true
  },
  "create:recipes/misc/crafting/kinetics/metal_girder": {
    "criteria": {
      "has_item": "2024-10-05 03:19:40 +0000"
    },
    "done": true
  },
  "supplementaries:recipes/bubble_blower": {
    "criteria": {
      "has_iron_ingot": "2024-10-05 03:19:40 +0000"
    },
    "done": true
  },
  "bclib:recipes/misc/tag_bucket": {
    "criteria": {
      "has_tag_c_iron_ingots": "2024-10-05 03:19:40 +0000"
    },
    "done": true
  },
  "storagedrawers:recipes/storagedrawers/concealment_key": {
    "criteria": {
      "has_template": "2024-10-05 03:19:40 +0000"
    },
    "done": true
  },
  "createdeco:recipes/decorations/andesite_bars": {
    "criteria": {
      "has_item": "2024-10-05 03:19:40 +0000"
    },
    "done": true
  },
  "create:recipes/building_blocks/framed_glass_from_glass_colorless_stonecutting": {
    "criteria": {
      "has_glass_colorless": "2024-10-05 03:19:40 +0000"
    },
    "done": true
  },
  "minecraft:recipes/redstone/oak_door": {
    "criteria": {
      "has_planks": "2024-10-05 03:19:40 +0000"
    },
    "done": true
  },
  "minecraft:recipes/misc/iron_ingot_from_iron_block": {
    "criteria": {
      "has_iron_block": "2024-10-05 03:19:40 +0000"
    },
    "done": true
  },
  "supplementaries:recipes/turn_table": {
    "criteria": {
      "minecraft:planks": "2024-10-05 03:19:40 +0000"
    },
    "done": true
  },
  "minecraft:recipes/combat/golden_sword": {
    "criteria": {
      "has_gold_ingot": "2024-10-05 03:19:40 +0000"
    },
    "done": true
  },
  "createdeco:recipes/decorations/purple_shipping_container_from_dyeing_vaults": {
    "criteria": {
      "has_item": "2024-10-05 03:19:40 +0000"
    },
    "done": true
  },
  "minecraft:recipes/building_blocks/gold_block": {
    "criteria": {
      "has_gold_ingot": "2024-10-05 03:19:40 +0000"
    },
    "done": true
  },
  "minecraft:recipes/redstone/iron_trapdoor": {
    "criteria": {
      "has_iron_ingot": "2024-10-05 03:19:40 +0000"
    },
    "done": true
  },
  "createdeco:recipes/decorations/andesite_trapdoor": {
    "criteria": {
      "has_item": "2024-10-05 03:19:40 +0000"
    },
    "done": true
  },
  "minecraft:recipes/building_blocks/oak_planks": {
    "criteria": {
      "has_logs": "2024-10-05 03:19:40 +0000"
    },
    "done": true
  },
  "farmersdelight:recipes/combat/iron_knife": {
    "criteria": {
      "has_iron_ingot": "2024-10-05 03:19:40 +0000"
    },
    "done": true
  },
  "supplementaries:recipes/candle_holders/candle_holder_magenta": {
    "criteria": {
      "has_iron_ingot": "2024-10-05 03:19:40 +0000"
    },
    "done": true
  },
  "vinery:recipes/big_table": {
    "criteria": {
      "has_iron_ingot": "2024-10-05 03:19:40 +0000"
    },
    "done": true
  },
  "minecraft:recipes/misc/nether_brick": {
    "criteria": {
      "has_netherrack": "2024-10-05 03:19:40 +0000"
    },
    "done": true
  },
  "createdeco:recipes/decorations/andesite_support": {
    "criteria": {
      "has_item": "2024-10-05 03:19:40 +0000"
    },
    "done": true
  },
  "supplementaries:recipes/hourglass": {
    "criteria": {
      "has_glass": "2024-10-05 03:19:40 +0000"
    },
    "done": true
  },
  "storagedrawers:recipes/storagedrawers/gold_storage_upgrade": {
    "criteria": {
      "has_template": "2024-10-05 03:19:40 +0000"
    },
    "done": true
  },
  "create:recipes/decorations/andesite_scaffolding_from_andesite_alloy_stonecutting": {
    "criteria": {
      "has_andesite_alloy": "2024-10-05 03:19:40 +0000"
    },
    "done": true
  },
  "create:recipes/misc/crafting/kinetics/speedometer": {
    "criteria": {
      "has_item": "2024-10-05 03:19:40 +0000"
    },
    "done": true
  },
  "vinery:recipes/stackable_log": {
    "criteria": {
      "has_oak_log": "2024-10-05 03:19:40 +0000"
    },
    "done": true
  },
  "create:recipes/misc/crafting/kinetics/cuckoo_clock": {
    "criteria": {
      "has_item": "2024-10-05 03:19:40 +0000"
    },
    "done": true
  },
  "create:andesite_alloy": {
    "criteria": {
      "0": "2024-10-05 03:19:40 +0000"
    },
    "done": true
  },
  "create:recipes/building_blocks/vertical_framed_glass_from_glass_colorless_stonecutting": {
    "criteria": {
      "has_glass_colorless": "2024-10-05 03:19:40 +0000"
    },
    "done": true
  },
  "minecraft:recipes/building_blocks/green_stained_glass": {
    "criteria": {
      "has_glass": "2024-10-05 03:19:40 +0000"
    },
    "done": true
  },
  "minecraft:recipes/combat/iron_chestplate": {
    "criteria": {
      "has_iron_ingot": "2024-10-05 03:19:40 +0000"
    },
    "done": true
  },
  "minecraft:recipes/redstone/oak_trapdoor": {
    "criteria": {
      "has_planks": "2024-10-05 03:19:40 +0000"
    },
    "done": true
  },
  "betterend:recipes/misc/copy_plate_upgrade": {
    "criteria": {
      "has_iron_ingot": "2024-10-05 03:19:40 +0000"
    },
    "done": true
  },
  "betterend:recipes/misc/iron_chandelier": {
    "criteria": {
      "has_iron_ingot": "2024-10-05 03:19:40 +0000"
    },
    "done": true
  },
  "storagedrawers:recipes/storagedrawers/jungle_drawers": {
    "criteria": {
      "has_chest": "2024-10-05 03:19:40 +0000"
    },
    "done": true
  },
  "minecraft:recipes/misc/iron_nugget": {
    "criteria": {
      "has_iron_ingot": "2024-10-05 03:19:40 +0000"
    },
    "done": true
  },
  "minecraft:recipes/building_blocks/blue_stained_glass": {
    "criteria": {
      "has_glass": "2024-10-05 03:19:40 +0000"
    },
    "done": true
  },
  "minecraft:recipes/misc/bucket": {
    "criteria": {
      "has_iron_ingot": "2024-10-05 03:19:40 +0000"
    },
    "done": true
  },
  "supplementaries:recipes/faucet": {
    "criteria": {
      "has_iron_ingot": "2024-10-05 03:19:40 +0000"
    },
    "done": true
  },
  "create:recipes/misc/crafting/kinetics/filter": {
    "criteria": {
      "has_item": "2024-10-05 03:19:40 +0000"
    },
    "done": true
  },
  "create:recipes/misc/crafting/kinetics/white_sail": {
    "criteria": {
      "has_item": "2024-10-05 03:19:40 +0000"
    },
    "done": true
  },
  "supplementaries:recipes/candle_holders/candle_holder_pink": {
    "criteria": {
      "has_iron_ingot": "2024-10-05 03:19:40 +0000"
    },
    "done": true
  },
  "minecraft:recipes/combat/golden_helmet": {
    "criteria": {
      "has_gold_ingot": "2024-10-05 03:19:40 +0000"
    },
    "done": true
  },
  "supplementaries:recipes/gold_trapdoor": {
    "criteria": {
      "has_gold_ingot": "2024-10-05 03:19:40 +0000"
    },
    "done": true
  },
  "createdeco:recipes/decorations/cyan_shipping_container_from_dyeing_vaults": {
    "criteria": {
      "has_item": "2024-10-05 03:19:40 +0000"
    },
    "done": true
  },
  "minecraft:recipes/decorations/composter": {
    "criteria": {
      "has_wood_slab": "2024-10-05 03:19:40 +0000"
    },
    "done": true
  },
  "createdeco:recipes/decorations/andesite_catwalk_from_stonecutting": {
    "criteria": {
      "has_item": "2024-10-05 03:19:40 +0000"
    },
    "done": true
  },
  "minecraft:story/smelt_iron": {
    "criteria": {
      "iron": "2024-10-05 03:19:40 +0000"
    },
    "done": true
  },
  "supplementaries:recipes/candle_holders/candle_holder_white": {
    "criteria": {
      "has_iron_ingot": "2024-10-05 03:19:40 +0000"
    },
    "done": true
  },
  "supplementaries:recipes/bed_from_feather_block": {
    "criteria": {
      "minecraft:planks": "2024-10-05 03:19:40 +0000"
    },
    "done": true
  },
  "createdeco:recipes/decorations/iron_bars_overlay_from_stonecutting": {
    "criteria": {
      "has_item": "2024-10-05 03:19:40 +0000"
    },
    "done": true
  },
  "supplementaries:recipes/bamboo_spikes": {
    "criteria": {
      "minecraft:wooden_slabs": "2024-10-05 03:19:40 +0000"
    },
    "done": true
  },
  "storagedrawers:recipes/storagedrawers/birch_trim": {
    "criteria": {
      "has_planks": "2024-10-05 03:19:40 +0000"
    },
    "done": true
  },
  "storagedrawers:recipes/storagedrawers/void_upgrade": {
    "criteria": {
      "has_template": "2024-10-05 03:19:40 +0000"
    },
    "done": true
  },
  "minecraft:recipes/building_blocks/lime_stained_glass": {
    "criteria": {
      "has_glass": "2024-10-05 03:19:40 +0000"
    },
    "done": true
  },
  "create:recipes/misc/crafting/appliances/clipboard": {
    "criteria": {
      "has_item": "2024-10-05 03:19:40 +0000"
    },
    "done": true
  },
  "create:recipes/misc/crafting/kinetics/linear_chassis": {
    "criteria": {
      "has_item": "2024-10-05 03:19:40 +0000"
    },
    "done": true
  },
  "storagedrawers:recipes/storagedrawers/fill_level_upgrade": {
    "criteria": {
      "has_template": "2024-10-05 03:19:40 +0000"
    },
    "done": true
  },
  "storagedrawers:recipes/storagedrawers/crimson_drawers": {
    "criteria": {
      "has_chest": "2024-10-05 03:19:40 +0000"
    },
    "done": true
  },
  "create:recipes/misc/crafting/kinetics/empty_blaze_burner": {
    "criteria": {
      "has_item": "2024-10-05 03:19:40 +0000"
    },
    "done": true
  },
  "supplementaries:recipes/blackboard": {
    "criteria": {
      "minecraft:wooden_slabs": "2024-10-05 03:19:40 +0000"
    },
    "done": true
  },
  "minecraft:recipes/building_blocks/white_stained_glass": {
    "criteria": {
      "has_glass": "2024-10-05 03:19:40 +0000"
    },
    "done": true
  },
  "createdeco:recipes/decorations/andesite_door": {
    "criteria": {
      "has_item": "2024-10-05 03:19:40 +0000"
    },
    "done": true
  },
  "supplementaries:recipes/candle_holders/candle_holder_brown": {
    "criteria": {
      "has_iron_ingot": "2024-10-05 03:19:40 +0000"
    },
    "done": true
  },
  "vinery:main/root": {
    "criteria": {
      "seeds": "2024-10-05 03:19:40 +0000"
    },
    "done": true
  },
  "create:recipes/misc/crafting/kinetics/large_cogwheel": {
    "criteria": {
      "has_item": "2024-10-05 03:19:40 +0000"
    },
    "done": true
  },
  "minecraft:recipes/combat/iron_sword": {
    "criteria": {
      "has_iron_ingot": "2024-10-05 03:19:40 +0000"
    },
    "done": true
  },
  "minecraft:recipes/tools/iron_pickaxe": {
    "criteria": {
      "has_iron_ingot": "2024-10-05 03:19:40 +0000"
    },
    "done": true
  },
  "supplementaries:recipes/iron_gate": {
    "criteria": {
      "has_iron_ingot": "2024-10-05 03:19:40 +0000"
    },
    "done": true
  },
  "minecraft:recipes/combat/shield": {
    "criteria": {
      "has_iron_ingot": "2024-10-05 03:19:40 +0000"
    },
    "done": true
  },
  "minecraft:recipes/decorations/iron_bars": {
    "criteria": {
      "has_iron_ingot": "2024-10-05 03:19:40 +0000"
    },
    "done": true
  },
  "createdeco:recipes/decorations/brown_shipping_container_from_dyeing_vaults": {
    "criteria": {
      "has_item": "2024-10-05 03:19:40 +0000"
    },
    "done": true
  },
  "supplementaries:recipes/candle_holders/candle_holder_black": {
    "criteria": {
      "has_iron_ingot": "2024-10-05 03:19:40 +0000"
    },
    "done": true
  },
  "supplementaries:recipes/notice_board": {
    "criteria": {
      "minecraft:planks": "2024-10-05 03:19:40 +0000"
    },
    "done": true
  },
  "minecraft:recipes/brewing/glass_bottle": {
    "criteria": {
      "has_glass": "2024-10-05 03:19:40 +0000"
    },
    "done": true
  },
  "another_furniture:recipes/oak_shelf": {
    "criteria": {
      "has_planks": "2024-10-05 03:19:40 +0000"
    },
    "done": true
  },
  "supplementaries:recipes/candle_holders/candle_holder_green": {
    "criteria": {
      "has_iron_ingot": "2024-10-05 03:19:40 +0000"
    },
    "done": true
  },
  "minecraft:recipes/redstone/oak_pressure_plate": {
    "criteria": {
      "has_planks": "2024-10-05 03:19:40 +0000"
    },
    "done": true
  },
  "storagedrawers:recipes/storagedrawers/oak_trim": {
    "criteria": {
      "has_planks": "2024-10-05 03:19:40 +0000"
    },
    "done": true
  },
  "supplementaries:recipes/candle_holders/candle_holder": {
    "criteria": {
      "has_iron_ingot": "2024-10-05 03:19:40 +0000"
    },
    "done": true
  },
  "createdeco:recipes/decorations/iron_hull_from_stonecutting": {
    "criteria": {
      "has_item": "2024-10-05 03:19:40 +0000"
    },
    "done": true
  },
  "storagedrawers:recipes/storagedrawers/emerald_storage_upgrade": {
    "criteria": {
      "has_template": "2024-10-05 03:19:40 +0000"
    },
    "done": true
  },
  "storagedrawers:recipes/storagedrawers/obsidian_storage_upgrade": {
    "criteria": {
      "has_template": "2024-10-05 03:19:40 +0000"
    },
    "done": true
  },
  "minecraft:recipes/building_blocks/purple_stained_glass": {
    "criteria": {
      "has_glass": "2024-10-05 03:19:40 +0000"
    },
    "done": true
  },
  "vinery:recipes/oak_wine_rack_big": {
    "criteria": {
      "has_oak_planks": "2024-10-05 03:19:40 +0000"
    },
    "done": true
  },
  "storagedrawers:recipes/storagedrawers/iron_storage_upgrade": {
    "criteria": {
      "has_template": "2024-10-05 03:19:40 +0000"
    },
    "done": true
  },
  "createdeco:recipes/decorations/blue_andesite_lamp": {
    "criteria": {
      "has_item": "2024-10-05 03:19:40 +0000"
    },
    "done": true
  },
  "minecraft:recipes/tools/iron_axe": {
    "criteria": {
      "has_iron_ingot": "2024-10-05 03:19:40 +0000"
    },
    "done": true
  },
  "createdeco:recipes/decorations/andesite_catwalk_stairs_from_stonecutting": {
    "criteria": {
      "has_item": "2024-10-05 03:19:40 +0000"
    },
    "done": true
  },
  "minecraft:recipes/tools/golden_hoe": {
    "criteria": {
      "has_gold_ingot": "2024-10-05 03:19:40 +0000"
    },
    "done": true
  },
  "supplementaries:recipes/gold_door": {
    "criteria": {
      "has_gold_ingot": "2024-10-05 03:19:40 +0000"
    },
    "done": true
  },
  "createdeco:recipes/decorations/andesite_bars_overlay_from_stonecutting": {
    "criteria": {
      "has_item": "2024-10-05 03:19:40 +0000"
    },
    "done": true
  },
  "minecraft:recipes/decorations/anvil": {
    "criteria": {
      "has_iron_block": "2024-10-05 03:19:40 +0000"
    },
    "done": true
  },
  "supplementaries:recipes/candle_holders/candle_holder_yellow": {
    "criteria": {
      "has_iron_ingot": "2024-10-05 03:19:40 +0000"
    },
    "done": true
  },
  "createdeco:recipes/decorations/lime_shipping_container_from_dyeing_vaults": {
    "criteria": {
      "has_item": "2024-10-05 03:19:40 +0000"
    },
    "done": true
  },
  "create:recipes/building_blocks/industrial_iron_block_from_ingots_iron_stonecutting": {
    "criteria": {
      "has_ingots_iron": "2024-10-05 03:19:40 +0000"
    },
    "done": true
  },
  "minecraft:recipes/redstone/iron_door": {
    "criteria": {
      "has_iron_ingot": "2024-10-05 03:19:40 +0000"
    },
    "done": true
  },
  "bclib:recipes/tools/tag_compass": {
    "criteria": {
      "has_tag_c_iron_ingots": "2024-10-05 03:19:40 +0000"
    },
    "done": true
  },
  "createdeco:recipes/decorations/pink_shipping_container_from_dyeing_vaults": {
    "criteria": {
      "has_item": "2024-10-05 03:19:40 +0000"
    },
    "done": true
  },
  "create:recipes/misc/crafting/kinetics/wrench": {
    "criteria": {
      "has_item": "2024-10-05 03:19:40 +0000"
    },
    "done": true
  },
  "minecraft:recipes/tools/golden_axe": {
    "criteria": {
      "has_gold_ingot": "2024-10-05 03:19:40 +0000"
    },
    "done": true
  },
  "minecraft:recipes/decorations/oak_sign": {
    "criteria": {
      "has_planks": "2024-10-05 03:19:40 +0000"
    },
    "done": true
  },
  "comforts:rope_and_nail": {
    "criteria": {
      "has_iron": "2024-10-05 03:19:40 +0000"
    },
    "done": true
  },
  "minecraft:recipes/tools/golden_pickaxe": {
    "criteria": {
      "has_gold_ingot": "2024-10-05 03:19:40 +0000"
    },
    "done": true
  },
  "supplementaries:recipes/spring_launcher": {
    "criteria": {
      "has_iron_ingot": "2024-10-05 03:19:40 +0000"
    },
    "done": true
  },
  "another_furniture:recipes/oak_chair": {
    "criteria": {
      "has_planks": "2024-10-05 03:19:40 +0000"
    },
    "done": true
  },
  "supplementaries:recipes/candle_holders/candle_holder_blue": {
    "criteria": {
      "has_iron_ingot": "2024-10-05 03:19:40 +0000"
    },
    "done": true
  },
  "createdeco:recipes/decorations/red_shipping_container_from_dyeing_vaults": {
    "criteria": {
      "has_item": "2024-10-05 03:19:40 +0000"
    },
    "done": true
  },
  "supplementaries:recipes/candle_holders/candle_holder_lime": {
    "criteria": {
      "has_iron_ingot": "2024-10-05 03:19:40 +0000"
    },
    "done": true
  },
  "supplementaries:recipes/lock_block": {
    "criteria": {
      "has_iron_ingot": "2024-10-05 03:19:40 +0000"
    },
    "done": true
  },
  "storagedrawers:recipes/storagedrawers/diamond_storage_upgrade": {
    "criteria": {
      "has_template": "2024-10-05 03:19:40 +0000"
    },
    "done": true
  },
  "storagedrawers:recipes/storagedrawers/acacia_drawers": {
    "criteria": {
      "has_chest": "2024-10-05 03:19:40 +0000"
    },
    "done": true
  },
  "create:recipes/misc/crafting/kinetics/water_wheel": {
    "criteria": {
      "has_item": "2024-10-05 03:19:40 +0000"
    },
    "done": true
  },
  "nethersdelight:recipes/decorations/blackstone_blast_furnace": {
    "criteria": {
      "has_iron": "2024-10-05 03:19:40 +0000"
    },
    "done": true
  },
  "supplementaries:recipes/candle_holders/candle_holder_light_blue": {
    "criteria": {
      "has_iron_ingot": "2024-10-05 03:19:40 +0000"
    },
    "done": true
  },
  "minecraft:recipes/building_blocks/pink_stained_glass": {
    "criteria": {
      "has_glass": "2024-10-05 03:19:40 +0000"
    },
    "done": true
  },
  "create:recipes/misc/crafting/kinetics/large_cogwheel_from_little": {
    "criteria": {
      "has_item": "2024-10-05 03:19:40 +0000"
    },
    "done": true
  },
  "minecraft:recipes/building_blocks/black_stained_glass": {
    "criteria": {
      "has_glass": "2024-10-05 03:19:40 +0000"
    },
    "done": true
  },
  "minecraft:recipes/building_blocks/gray_stained_glass": {
    "criteria": {
      "has_glass": "2024-10-05 03:19:40 +0000"
    },
    "done": true
  },
  "minecraft:recipes/tools/shears": {
    "criteria": {
      "has_iron_ingot": "2024-10-05 03:19:40 +0000"
    },
    "done": true
  },
  "create:recipes/misc/crafting/materials/andesite_alloy_block": {
    "criteria": {
      "has_item": "2024-10-05 03:19:40 +0000"
    },
    "done": true
  },
  "createdeco:recipes/decorations/green_andesite_lamp": {
    "criteria": {
      "has_item": "2024-10-05 03:19:40 +0000"
    },
    "done": true
  },
  "supplementaries:recipes/cage": {
    "criteria": {
      "has_iron_ingot": "2024-10-05 03:19:40 +0000"
    },
    "done": true
  },
  "minecraft:recipes/brewing/golden_carrot": {
    "criteria": {
      "has_gold_nugget": "2024-10-05 03:19:40 +0000"
    },
    "done": true
  },
  "minecraft:recipes/building_blocks/iron_block": {
    "criteria": {
      "has_iron_ingot": "2024-10-05 03:19:40 +0000"
    },
    "done": true
  },
  "farmersdelight:recipes/decorations/cooking_pot": {
    "criteria": {
      "has_iron_ingot": "2024-10-05 03:19:40 +0000"
    },
    "done": true
  },
  "createdeco:recipes/decorations/iron_mesh_fence_from_stonecutting": {
    "criteria": {
      "has_item": "2024-10-05 03:19:40 +0000"
    },
    "done": true
  },
  "supplementaries:recipes/bomb": {
    "criteria": {
      "has_iron_ingot": "2024-10-05 03:19:40 +0000"
    },
    "done": true
  },
  "createdeco:recipes/decorations/iron_ladder_from_stonecutting": {
    "criteria": {
      "has_item": "2024-10-05 03:19:40 +0000"
    },
    "done": true
  },
  "createdeco:recipes/decorations/magenta_shipping_container_from_dyeing_vaults": {
    "criteria": {
      "has_item": "2024-10-05 03:19:40 +0000"
    },
    "done": true
  },
  "create:recipes/combat/crafting/appliances/netherite_backtank_from_netherite": {
    "criteria": {
      "has_item": "2024-10-05 03:19:40 +0000"
    },
    "done": true
  },
  "createdeco:recipes/decorations/light_blue_shipping_container_from_dyeing_vaults": {
    "criteria": {
      "has_item": "2024-10-05 03:19:40 +0000"
    },
    "done": true
  },
  "createdeco:recipes/decorations/blue_shipping_container_from_dyeing_vaults": {
    "criteria": {
      "has_item": "2024-10-05 03:19:40 +0000"
    },
    "done": true
  },
  "minecraft:recipes/redstone/light_weighted_pressure_plate": {
    "criteria": {
      "has_gold_ingot": "2024-10-05 03:19:40 +0000"
    },
    "done": true
  },
  "storagedrawers:recipes/storagedrawers/crimson_trim": {
    "criteria": {
      "has_planks": "2024-10-05 03:19:40 +0000"
    },
    "done": true
  },
  "createdeco:recipes/decorations/andesite_catwalk_railing_from_stonecutting": {
    "criteria": {
      "has_item": "2024-10-05 03:19:40 +0000"
    },
    "done": true
  },
  "minecraft:nether/netherite_armor": {
    "criteria": {
      "netherite_armor": "2024-10-05 03:19:40 +0000"
    },
    "done": true
  },
  "supplementaries:recipes/candle_holders/candle_holder_purple": {
    "criteria": {
      "has_iron_ingot": "2024-10-05 03:19:40 +0000"
    },
    "done": true
  },
  "betterend:recipes/misc/copy_tool_assembly": {
    "criteria": {
      "has_iron_block": "2024-10-05 03:19:40 +0000"
    },
    "done": true
  },
  "minecraft:recipes/decorations/lantern": {
    "criteria": {
      "has_iron_ingot": "2024-10-05 03:19:40 +0000"
    },
    "done": true
  },
  "minecraft:recipes/redstone/oak_fence_gate": {
    "criteria": {
      "has_planks": "2024-10-05 03:19:40 +0000"
    },
    "done": true
  },
  "bclib:recipes/transportation/tag_minecart": {
    "criteria": {
      "has_tag_c_iron_ingots": "2024-10-05 03:19:40 +0000"
    },
    "done": true
  },
  "minecraft:recipes/misc/charcoal": {
    "criteria": {
      "has_log": "2024-10-05 03:19:40 +0000"
    },
    "done": true
  },
  "minecraft:recipes/tools/iron_shovel": {
    "criteria": {
      "has_iron_ingot": "2024-10-05 03:19:40 +0000"
    },
    "done": true
  },
  "nethersdelight:recipes/tools/iron_machete": {
    "criteria": {
      "has_iron_ingot": "2024-10-05 03:19:40 +0000"
    },
    "done": true
  },
  "create:recipes/misc/crafting/kinetics/shaft": {
    "criteria": {
      "has_item": "2024-10-05 03:19:40 +0000"
    },
    "done": true
  },
  "vinery:recipes/vinemaker_leggings": {
    "criteria": {
      "has_gold_ingot": "2024-10-05 03:19:40 +0000"
    },
    "done": true
  },
  "betterend:recipes/misc/golden_hammer": {
    "criteria": {
      "has_gold_ingot": "2024-10-05 03:19:40 +0000"
    },
    "done": true
  },
  "create:recipes/misc/crafting/kinetics/hand_crank": {
    "criteria": {
      "has_item": "2024-10-05 03:19:40 +0000"
    },
    "done": true
  },
  "minecraft:recipes/building_blocks/cyan_stained_glass": {
    "criteria": {
      "has_glass": "2024-10-05 03:19:40 +0000"
    },
    "done": true
  },
  "storagedrawers:recipes/storagedrawers/drawer_key": {
    "criteria": {
      "has_template": "2024-10-05 03:19:40 +0000"
    },
    "done": true
  },
  "create:recipes/misc/crafting/kinetics/turntable": {
    "criteria": {
      "has_item": "2024-10-05 03:19:40 +0000"
    },
    "done": true
  },
  "storagedrawers:recipes/storagedrawers/oak_drawers": {
    "criteria": {
      "has_chest": "2024-10-05 03:19:40 +0000"
    },
    "done": true
  },
  "create:recipes/decorations/andesite_bars_from_andesite_alloy_stonecutting": {
    "criteria": {
      "has_andesite_alloy": "2024-10-05 03:19:40 +0000"
    },
    "done": true
  },
  "create:recipes/misc/crafting/kinetics/sticker": {
    "criteria": {
      "has_item": "2024-10-05 03:19:40 +0000"
    },
    "done": true
  },
  "storagedrawers:recipes/storagedrawers/min_redstone_upgrade": {
    "criteria": {
      "has_template": "2024-10-05 03:19:40 +0000"
    },
    "done": true
  },
  "supplementaries:recipes/clock_block": {
    "criteria": {
      "minecraft:planks": "2024-10-05 03:19:40 +0000"
    },
    "done": true
  },
  "createdeco:recipes/decorations/iron_catwalk_railing_from_stonecutting": {
    "criteria": {
      "has_item": "2024-10-05 03:19:40 +0000"
    },
    "done": true
  },
  "supplementaries:recipes/item_shelf": {
    "criteria": {
      "minecraft:wooden_slabs": "2024-10-05 03:19:40 +0000"
    },
    "done": true
  },
  "minecraft:recipes/combat/crossbow": {
    "criteria": {
      "has_iron_ingot": "2024-10-05 03:19:40 +0000"
    },
    "done": true
  },
  "minecraft:recipes/decorations/barrel": {
    "criteria": {
      "has_planks": "2024-10-05 03:19:40 +0000"
    },
    "done": true
  },
  "create:recipes/misc/crafting/kinetics/radial_chassis": {
    "criteria": {
      "has_item": "2024-10-05 03:19:40 +0000"
    },
    "done": true
  },
  "another_furniture:recipes/oak_bench": {
    "criteria": {
      "has_slab": "2024-10-05 03:19:40 +0000"
    },
    "done": true
  },
  "create:recipes/misc/crafting/kinetics/sticky_mechanical_piston": {
    "criteria": {
      "has_item": "2024-10-05 03:19:40 +0000"
    },
    "done": true
  },
  "create:recipes/misc/crafting/kinetics/goggles": {
    "criteria": {
      "has_item": "2024-10-05 03:19:40 +0000"
    },
    "done": true
  },
  "create:recipes/misc/crafting/materials/andesite_alloy_from_block": {
    "criteria": {
      "has_item": "2024-10-05 03:19:40 +0000"
    },
    "done": true
  },
  "bclib:recipes/redstone/tag_piston": {
    "criteria": {
      "has_tag_c_iron_ingots": "2024-10-05 03:19:40 +0000"
    },
    "done": true
  },
  "betterend:recipes/misc/gold_chandelier": {
    "criteria": {
      "has_gold_ingot": "2024-10-05 03:19:40 +0000"
    },
    "done": true
  },
  "create:recipes/misc/crafting/kinetics/display_board": {
    "criteria": {
      "has_item": "2024-10-05 03:19:40 +0000"
    },
    "done": true
  },
  "minecraft:recipes/building_blocks/oak_wood": {
    "criteria": {
      "has_log": "2024-10-05 03:19:40 +0000"
    },
    "done": true
  },
  "create:recipes/misc/crafting/kinetics/piston_extension_pole": {
    "criteria": {
      "has_item": "2024-10-05 03:19:40 +0000"
    },
    "done": true
  },
  "minecraft:recipes/redstone/heavy_weighted_pressure_plate": {
    "criteria": {
      "has_iron_ingot": "2024-10-05 03:19:40 +0000"
    },
    "done": true
  },
  "minecraft:recipes/combat/iron_leggings": {
    "criteria": {
      "has_iron_ingot": "2024-10-05 03:19:40 +0000"
    },
    "done": true
  },
  "create:recipes/misc/crafting/kinetics/analog_lever": {
    "criteria": {
      "has_item": "2024-10-05 03:19:40 +0000"
    },
    "done": true
  },
  "another_furniture:recipes/oak_flower_box": {
    "criteria": {
      "has_slab": "2024-10-05 03:19:40 +0000"
    },
    "done": true
  },
  "create:recipes/misc/crafting/kinetics/cart_assembler": {
    "criteria": {
      "has_item": "2024-10-05 03:19:40 +0000"
    },
    "done": true
  },
  "minecraft:recipes/building_blocks/brown_stained_glass": {
    "criteria": {
      "has_glass": "2024-10-05 03:19:40 +0000"
    },
    "done": true
  },
  "createdeco:recipes/decorations/white_shipping_container_from_dyeing_vaults": {
    "criteria": {
      "has_item": "2024-10-05 03:19:40 +0000"
    },
    "done": true
  },
  "supplementaries:recipes/flower_box": {
    "criteria": {
      "minecraft:wooden_slabs": "2024-10-05 03:19:40 +0000"
    },
    "done": true
  },
  "betterend:recipes/misc/copy_netherite_upgrade": {
    "criteria": {
      "has_netherrack": "2024-10-05 03:19:40 +0000"
    },
    "done": true
  },
  "minecraft:recipes/transportation/minecart": {
    "criteria": {
      "has_iron_ingot": "2024-10-05 03:19:40 +0000"
    },
    "done": true
  },
  "minecraft:recipes/tools/iron_hoe": {
    "criteria": {
      "has_iron_ingot": "2024-10-05 03:19:40 +0000"
    },
    "done": true
  },
  "minecraft:recipes/misc/gold_ingot_from_nuggets": {
    "criteria": {
      "has_gold_nugget": "2024-10-05 03:19:40 +0000"
    },
    "done": true
  },
  "createdeco:recipes/decorations/gray_shipping_container_from_dyeing_vaults": {
    "criteria": {
      "has_item": "2024-10-05 03:19:40 +0000"
    },
    "done": true
  },
  "bclib:recipes/decorations/tag_smith_table": {
    "criteria": {
      "has_tag_c_iron_ingots": "2024-10-05 03:19:40 +0000"
    },
    "done": true
  },
  "trowelsfork:recipes/tools/trowel": {
    "criteria": {
      "has_iron": "2024-10-05 03:19:40 +0000"
    },
    "done": true
  },
  "trowelsfork:recipes/misc/refill_upgrade": {
    "criteria": {
      "has_iron": "2024-10-05 03:19:40 +0000"
    },
    "done": true
  },
  "createdeco:recipes/decorations/iron_support_wedge_from_stonecutting": {
    "criteria": {
      "has_item": "2024-10-05 03:19:40 +0000"
    },
    "done": true
  },
  "minecraft:recipes/building_blocks/oak_stairs": {
    "criteria": {
      "has_planks": "2024-10-05 03:19:40 +0000"
    },
    "done": true
  },
  "storagedrawers:recipes/storagedrawers/warped_trim": {
    "criteria": {
      "has_planks": "2024-10-05 03:19:40 +0000"
    },
    "done": true
  },
  "minecraft:recipes/decorations/chain": {
    "criteria": {
      "has_iron_ingot": "2024-10-05 03:19:40 +0000"
    },
    "done": true
  },
  "minecraft:recipes/decorations/oak_fence": {
    "criteria": {
      "has_planks": "2024-10-05 03:19:40 +0000"
    },
    "done": true
  },
  "storagedrawers:recipes/storagedrawers/jungle_trim": {
    "criteria": {
      "has_planks": "2024-10-05 03:19:40 +0000"
    },
    "done": true
  },
  "storagedrawers:recipes/storagedrawers/max_redstone_upgrade": {
    "criteria": {
      "has_template": "2024-10-05 03:19:40 +0000"
    },
    "done": true
  },
  "createdeco:recipes/decorations/light_gray_shipping_container_from_dyeing_vaults": {
    "criteria": {
      "has_item": "2024-10-05 03:19:40 +0000"
    },
    "done": true
  },
  "storagedrawers:recipes/storagedrawers/birch_drawers": {
    "criteria": {
      "has_chest": "2024-10-05 03:19:40 +0000"
    },
    "done": true
  },
  "bclib:recipes/transportation/tag_rail": {
    "criteria": {
      "has_tag_c_iron_ingots": "2024-10-05 03:19:40 +0000"
    },
    "done": true
  },
  "minecraft:recipes/decorations/smithing_table": {
    "criteria": {
      "has_iron_ingot": "2024-10-05 03:19:40 +0000"
    },
    "done": true
  },
  "supplementaries:recipes/speaker_block": {
    "criteria": {
      "minecraft:planks": "2024-10-05 03:19:40 +0000"
    },
    "done": true
  },
  "supplementaries:recipes/bellows": {
    "criteria": {
      "minecraft:wooden_slabs": "2024-10-05 03:19:40 +0000"
    },
    "done": true
  },
  "createdeco:recipes/decorations/black_shipping_container_from_dyeing_vaults": {
    "criteria": {
      "has_item": "2024-10-05 03:19:40 +0000"
    },
    "done": true
  },
  "create:recipes/misc/crafting/logistics/andesite_tunnel": {
    "criteria": {
      "has_item": "2024-10-05 03:19:40 +0000"
    },
    "done": true
  },
  "bclib:recipes/combat/tag_shield": {
    "criteria": {
      "has_tag_c_iron_ingots": "2024-10-05 03:19:40 +0000"
    },
    "done": true
  },
  "createdeco:recipes/decorations/andesite_support_wedge_from_stonecutting": {
    "criteria": {
      "has_item": "2024-10-05 03:19:40 +0000"
    },
    "done": true
  },
  "minecraft:recipes/decorations/glass_pane": {
    "criteria": {
      "has_glass": "2024-10-05 03:19:40 +0000"
    },
    "done": true
  },
  "minecraft:recipes/building_blocks/magenta_stained_glass": {
    "criteria": {
      "has_glass": "2024-10-05 03:19:40 +0000"
    },
    "done": true
  },
  "betterend:recipes/misc/iron_hammer": {
    "criteria": {
      "has_iron_ingot": "2024-10-05 03:19:40 +0000"
    },
    "done": true
  },
  "storagedrawers:recipes/storagedrawers/spruce_drawers": {
    "criteria": {
      "has_chest": "2024-10-05 03:19:40 +0000"
    },
    "done": true
  },
  "create:recipes/misc/crafting/kinetics/windmill_bearing": {
    "criteria": {
      "has_item": "2024-10-05 03:19:40 +0000"
    },
    "done": true
  },
  "supplementaries:recipes/goblet": {
    "criteria": {
      "has_iron_ingot": "2024-10-05 03:19:40 +0000"
    },
    "done": true
  },
  "minecraft:recipes/redstone/oak_button": {
    "criteria": {
      "has_planks": "2024-10-05 03:19:40 +0000"
    },
    "done": true
  },
  "create:recipes/misc/crafting/kinetics/basin": {
    "criteria": {
      "has_item": "2024-10-05 03:19:40 +0000"
    },
    "done": true
  },
  "createdeco:recipes/decorations/iron_support": {
    "criteria": {
      "has_item": "2024-10-05 03:19:40 +0000"
    },
    "done": true
  },
  "createdeco:recipes/decorations/andesite_bars_from_stonecutting": {
    "criteria": {
      "has_item": "2024-10-05 03:19:40 +0000"
    },
    "done": true
  },
  "create:recipes/misc/crafting/logistics/andesite_funnel": {
    "criteria": {
      "has_item": "2024-10-05 03:19:40 +0000"
    },
    "done": true
  },
  "betterend:recipes/misc/tined_glass_from_smaragdant": {
    "criteria": {
      "has_glass": "2024-10-05 03:19:40 +0000"
    },
    "done": true
  },
  "createdeco:recipes/decorations/iron_hull": {
    "criteria": {
      "has_item": "2024-10-05 03:19:40 +0000"
    },
    "done": true
  },
  "betterend:recipes/misc/iron_bulb_lantern": {
    "criteria": {
      "has_iron_ingot": "2024-10-05 03:19:40 +0000"
    },
    "done": true
  },
  "createdeco:recipes/decorations/green_shipping_container_from_dyeing_vaults": {
    "criteria": {
      "has_item": "2024-10-05 03:19:40 +0000"
    },
    "done": true
  },
  "vinery:recipes/grapevine_stem": {
    "criteria": {
      "has_oak_log": "2024-10-05 03:19:40 +0000"
    },
    "done": true
  },
  "storagedrawers:recipes/storagedrawers/redstone_upgrade": {
    "criteria": {
      "has_template": "2024-10-05 03:19:40 +0000"
    },
    "done": true
  },
  "storagedrawers:recipes/storagedrawers/spruce_trim": {
    "criteria": {
      "has_planks": "2024-10-05 03:19:40 +0000"
    },
    "done": true
  },
  "vinery:recipes/wine_box": {
    "criteria": {
      "has_glass": "2024-10-05 03:19:40 +0000"
    },
    "done": true
  },
  "createdeco:recipes/building_blocks/andesite_window": {
    "criteria": {
      "has_item": "2024-10-05 03:19:40 +0000"
    },
    "done": true
  },
  "create:recipes/misc/crafting/kinetics/mechanical_mixer": {
    "criteria": {
      "has_item": "2024-10-05 03:19:40 +0000"
    },
    "done": true
  },
  "supplementaries:recipes/key": {
    "criteria": {
      "has_gold_nugget": "2024-10-05 03:19:40 +0000"
    },
    "done": true
  },
  "create:recipes/decorations/andesite_ladder_from_andesite_alloy_stonecutting": {
    "criteria": {
      "has_andesite_alloy": "2024-10-05 03:19:40 +0000"
    },
    "done": true
  },
  "create:recipes/combat/crafting/appliances/netherite_diving_boots_from_netherite": {
    "criteria": {
      "has_item": "2024-10-05 03:19:40 +0000"
    },
    "done": true
  },
  "farmersdelight:main/root": {
    "criteria": {
      "seeds": "2024-10-05 03:19:40 +0000"
    },
    "done": true
  },
  "storagedrawers:recipes/storagedrawers/quantify_key": {
    "criteria": {
      "has_template": "2024-10-05 03:19:40 +0000"
    },
    "done": true
  },
  "storagedrawers:recipes/storagedrawers/dark_oak_trim": {
    "criteria": {
      "has_planks": "2024-10-05 03:19:40 +0000"
    },
    "done": true
  },
  "create:recipes/misc/crafting/kinetics/cogwheel": {
    "criteria": {
      "has_item": "2024-10-05 03:19:40 +0000"
    },
    "done": true
  },
  "another_furniture:recipes/oak_table": {
    "criteria": {
      "has_planks": "2024-10-05 03:19:40 +0000"
    },
    "done": true
  },
  "create:recipes/misc/crafting/kinetics/contraption_controls": {
    "criteria": {
      "has_item": "2024-10-05 03:19:40 +0000"
    },
    "done": true
  },
  "minecraft:recipes/building_blocks/yellow_stained_glass": {
    "criteria": {
      "has_glass": "2024-10-05 03:19:40 +0000"
    },
    "done": true
  },
  "vinery:recipes/oak_wine_rack_small": {
    "criteria": {
      "has_oak_planks": "2024-10-05 03:19:40 +0000"
    },
    "done": true
  },
  "supplementaries:recipes/candle_holders/candle_holder_cyan": {
    "criteria": {
      "has_iron_ingot": "2024-10-05 03:19:40 +0000"
    },
    "done": true
  },
  "create:recipes/building_blocks/oak_window": {
    "criteria": {
      "has_ingredient": "2024-10-05 03:19:40 +0000"
    },
    "done": true
  },
  "bclib:recipes/redstone/tag_hopper": {
    "criteria": {
      "has_tag_c_chest": "2024-10-05 03:19:40 +0000"
    },
    "done": true
  },
  "supplementaries:recipes/jar": {
    "criteria": {
      "has_glass": "2024-10-05 03:19:40 +0000"
    },
    "done": true
  },
  "createdeco:recipes/decorations/yellow_andesite_lamp": {
    "criteria": {
      "has_item": "2024-10-05 03:19:40 +0000"
    },
    "done": true
  },
  "supplementaries:recipes/pulley": {
    "criteria": {
      "has_iron_ingot": "2024-10-05 03:19:40 +0000"
    },
    "done": true
  },
  "create:recipes/misc/crafting/kinetics/metal_bracket": {
    "criteria": {
      "has_item": "2024-10-05 03:19:40 +0000"
    },
    "done": true
  },
  "railways:recipes/misc/stonecutting/riveted_locometal": {
    "criteria": {
      "has_item": "2024-10-05 03:19:40 +0000"
    },
    "done": true
  },
  "bclib:recipes/brewing/tag_cauldron": {
    "criteria": {
      "has_tag_c_iron_ingots": "2024-10-05 03:19:40 +0000"
    },
    "done": true
  },
  "create:recipes/building_blocks/tiled_glass_from_glass_colorless_stonecutting": {
    "criteria": {
      "has_glass_colorless": "2024-10-05 03:19:40 +0000"
    },
    "done": true
  },
  "bclib:recipes/decorations/tag_stonecutter": {
    "criteria": {
      "has_tag_c_iron_ingots": "2024-10-05 03:19:40 +0000"
    },
    "done": true
  },
  "minecraft:recipes/combat/golden_leggings": {
    "criteria": {
      "has_gold_ingot": "2024-10-05 03:19:40 +0000"
    },
    "done": true
  },
  "create:lava_wheel_00000": {
    "criteria": {
      "0": "2024-10-05 03:19:41 +0000"
    },
    "done": true
  },
  "minecraft:nether/explore_nether": {
    "criteria": {
      "minecraft:nether_wastes": "2024-10-05 03:19:43 +0000",
      "minecraft:soul_sand_valley": "2024-10-05 04:05:26 +0000",
      "minecraft:basalt_deltas": "2024-10-05 04:05:01 +0000",
      "minecraft:warped_forest": "2024-10-05 04:03:55 +0000"
    },
    "done": false
  },
  "betterend:root": {
    "criteria": {
      "welcome": "2024-10-05 03:19:43 +0000"
    },
    "done": true
  },
  "tombstone:adventure/root": {
    "criteria": {
      "auto": "2024-10-05 03:19:43 +0000"
    },
    "done": true
  },
  "minecraft:adventure/kill_a_mob": {
    "criteria": {
      "minecraft:zombified_piglin": "2024-10-05 03:19:56 +0000"
    },
    "done": true
  },
  "minecraft:adventure/kill_all_mobs": {
    "criteria": {
      "minecraft:zombified_piglin": "2024-10-05 03:19:56 +0000",
      "minecraft:enderman": "2024-10-05 04:05:07 +0000"
    },
    "done": false
  },
  "minecraft:adventure/root": {
    "criteria": {
      "killed_something": "2024-10-05 03:19:56 +0000"
    },
    "done": true
  },
  "create:compacting": {
    "criteria": {
      "0": "2024-10-05 03:20:01 +0000"
    },
    "done": true
  },
  "minecraft:husbandry/root": {
    "criteria": {
      "consumed_item": "2024-10-05 03:25:50 +0000"
    },
    "done": true
  },
  "createdeco:recipes/decorations/light_blue_shipping_container": {
    "criteria": {
      "has_item": "2024-10-05 04:00:42 +0000"
    },
    "done": true
  },
  "create:recipes/misc/crafting/kinetics/mechanical_press": {
    "criteria": {
      "has_item": "2024-10-05 04:01:22 +0000"
    },
    "done": true
  },
  "create:recipes/misc/crafting/kinetics/andesite_door": {
    "criteria": {
      "has_item": "2024-10-05 04:01:22 +0000"
    },
    "done": true
  },
  "createdeco:recipes/decorations/decal_up": {
    "criteria": {
      "has_item": "2024-10-05 04:00:42 +0000"
    },
    "done": true
  },
  "create:recipes/misc/crafting/kinetics/portable_storage_interface": {
    "criteria": {
      "has_item": "2024-10-05 04:01:22 +0000"
    },
    "done": true
  },
  "minecraft:adventure/sleep_in_bed": {
    "criteria": {
      "slept_in_bed": "2024-10-05 04:02:46 +0000"
    },
    "done": true
  },
  "minecraft:recipes/transportation/cherry_boat": {
    "criteria": {
      "in_water": "2024-10-05 03:54:25 +0000"
    },
    "done": true
  },
  "createdeco:recipes/decorations/red_shipping_container": {
    "criteria": {
      "has_item": "2024-10-05 04:00:42 +0000"
    },
    "done": true
  },
  "supplementaries:recipes/flint_block": {
    "criteria": {
      "has_flint": "2024-10-05 04:08:31 +0000"
    },
    "done": true
  },
  "create:recipes/misc/crafting/kinetics/weighted_ejector": {
    "criteria": {
      "has_item": "2024-10-05 04:01:22 +0000"
    },
    "done": true
  },
  "createdeco:recipes/decorations/decal_warning": {
    "criteria": {
      "has_item": "2024-10-05 04:00:42 +0000"
    },
    "done": true
  },
  "createdeco:recipes/decorations/gray_shipping_container": {
    "criteria": {
      "has_item": "2024-10-05 04:00:42 +0000"
    },
    "done": true
  },
  "createdeco:recipes/decorations/decal_electrical": {
    "criteria": {
      "has_item": "2024-10-05 04:00:42 +0000"
    },
    "done": true
  },
  "farmersdelight:main/plant_all_crops": {
    "criteria": {
      "sugar_cane": "2024-10-05 03:54:31 +0000"
    },
    "done": false
  },
  "create:recipes/misc/crafting/kinetics/mechanical_plough": {
    "criteria": {
      "has_item": "2024-10-05 04:01:22 +0000"
    },
    "done": true
  },
  "minecraft:recipes/building_blocks/lime_concrete_powder": {
    "criteria": {
      "has_gravel": "2024-10-05 04:08:06 +0000"
    },
    "done": true
  },
  "createdeco:recipes/decorations/decal_down": {
    "criteria": {
      "has_item": "2024-10-05 04:00:42 +0000"
    },
    "done": true
  },
  "create:recipes/misc/crafting/kinetics/mechanical_harvester": {
    "criteria": {
      "has_item": "2024-10-05 04:01:22 +0000"
    },
    "done": true
  },
  "createdeco:recipes/decorations/white_shipping_container": {
    "criteria": {
      "has_item": "2024-10-05 04:00:42 +0000"
    },
    "done": true
  },
  "createdeco:recipes/decorations/decal_cross": {
    "criteria": {
      "has_item": "2024-10-05 04:00:42 +0000"
    },
    "done": true
  },
  "createdeco:recipes/decorations/lime_shipping_container": {
    "criteria": {
      "has_item": "2024-10-05 04:00:42 +0000"
    },
    "done": true
  },
  "railways:recipes/misc/crafting/track_switch_andesite": {
    "criteria": {
      "has_item": "2024-10-05 04:01:22 +0000"
    },
    "done": true
  },
  "minecraft:recipes/building_blocks/magenta_concrete_powder": {
    "criteria": {
      "has_gravel": "2024-10-05 04:08:06 +0000"
    },
    "done": true
  },
  "minecraft:recipes/decorations/campfire": {
    "criteria": {
      "has_coal": "2024-10-05 03:59:39 +0000"
    },
    "done": true
  },
  "create:recipes/misc/crafting/kinetics/propeller": {
    "criteria": {
      "has_item": "2024-10-05 04:00:42 +0000"
    },
    "done": true
  },
  "createdeco:recipes/decorations/decal_no_entry": {
    "criteria": {
      "has_item": "2024-10-05 04:00:42 +0000"
    },
    "done": true
  },
  "createdeco:recipes/decorations/blue_iron_lamp": {
    "criteria": {
      "has_item": "2024-10-05 04:00:42 +0000"
    },
    "done": true
  },
  "create:recipes/misc/crafting/kinetics/encased_chain_drive": {
    "criteria": {
      "has_item": "2024-10-05 04:01:22 +0000"
    },
    "done": true
  },
  "create:recipes/misc/crafting/kinetics/mechanical_drill": {
    "criteria": {
      "has_item": "2024-10-05 04:01:22 +0000"
    },
    "done": true
  },
  "minecraft:recipes/transportation/acacia_boat": {
    "criteria": {
      "in_water": "2024-10-05 03:54:25 +0000"
    },
    "done": true
  },
  "createdeco:recipes/decorations/decal_left": {
    "criteria": {
      "has_item": "2024-10-05 04:00:42 +0000"
    },
    "done": true
  },
  "minecraft:recipes/building_blocks/black_concrete_powder": {
    "criteria": {
      "has_gravel": "2024-10-05 04:08:06 +0000"
    },
    "done": true
  },
  "create:recipes/misc/crafting/kinetics/nozzle": {
    "criteria": {
      "has_item": "2024-10-05 04:01:34 +0000"
    },
    "done": true
  },
  "create:recipes/misc/crafting/kinetics/mechanical_piston": {
    "criteria": {
      "has_item": "2024-10-05 04:01:22 +0000"
    },
    "done": true
  },
  "create:recipes/misc/crafting/kinetics/encased_fan": {
    "criteria": {
      "has_item": "2024-10-05 04:00:42 +0000"
    },
    "done": true
  },
  "minecraft:recipes/building_blocks/cyan_concrete_powder": {
    "criteria": {
      "has_gravel": "2024-10-05 04:08:06 +0000"
    },
    "done": true
  },
  "minecraft:recipes/transportation/jungle_boat": {
    "criteria": {
      "in_water": "2024-10-05 03:54:25 +0000"
    },
    "done": true
  },
  "betterend:recipes/misc/infusion_pedestal": {
    "criteria": {
      "has_obsidian": "2024-10-05 04:07:42 +0000"
    },
    "done": true
  },
  "createdeco:recipes/decorations/decal_right": {
    "criteria": {
      "has_item": "2024-10-05 04:00:42 +0000"
    },
    "done": true
  },
  "minecraft:recipes/building_blocks/pink_concrete_powder": {
    "criteria": {
      "has_gravel": "2024-10-05 04:08:06 +0000"
    },
    "done": true
  },
  "create:encased_fan": {
    "criteria": {
      "0": "2024-10-05 04:01:49 +0000"
    },
    "done": true
  },
  "createdeco:recipes/decorations/green_iron_lamp": {
    "criteria": {
      "has_item": "2024-10-05 04:00:42 +0000"
    },
    "done": true
  },
  "create:recipes/misc/crafting/kinetics/mechanical_roller": {
    "criteria": {
      "has_item": "2024-10-05 04:01:22 +0000"
    },
    "done": true
  },
  "minecraft:story/enter_the_nether": {
    "criteria": {
      "entered_nether": "2024-10-05 04:03:53 +0000"
    },
    "done": true
  },
  "sophisticatedbackpacks:recipes/misc/diamond_backpack": {
    "criteria": {
      "has_gold_backpack": "2024-10-05 03:56:44 +0000"
    },
    "done": true
  },
  "createdeco:recipes/decorations/iron_bars_overlay": {
    "criteria": {
      "has_item": "2024-10-05 04:00:42 +0000"
    },
    "done": true
  },
  "createdeco:recipes/decorations/decal_fire_diamond": {
    "criteria": {
      "has_item": "2024-10-05 04:00:42 +0000"
    },
    "done": true
  },
  "createdeco:recipes/decorations/purple_shipping_container": {
    "criteria": {
      "has_item": "2024-10-05 04:00:42 +0000"
    },
    "done": true
  },
  "createdeco:recipes/decorations/magenta_shipping_container": {
    "criteria": {
      "has_item": "2024-10-05 04:00:42 +0000"
    },
    "done": true
  },
  "create:wrench_goggles": {
    "criteria": {
      "0": "2024-10-05 04:02:19 +0000"
    },
    "done": false
  },
  "minecraft:recipes/building_blocks/white_concrete_powder": {
    "criteria": {
      "has_gravel": "2024-10-05 04:08:06 +0000"
    },
    "done": true
  },
  "createdeco:recipes/decorations/cyan_shipping_container": {
    "criteria": {
      "has_item": "2024-10-05 04:00:42 +0000"
    },
    "done": true
  },
  "create:recipes/misc/crafting/kinetics/gantry_carriage": {
    "criteria": {
      "has_item": "2024-10-05 04:01:22 +0000"
    },
    "done": true
  },
  "createdeco:recipes/decorations/decal_creeper": {
    "criteria": {
      "has_item": "2024-10-05 04:00:42 +0000"
    },
    "done": true
  },
  "minecraft:recipes/transportation/spruce_boat": {
    "criteria": {
      "in_water": "2024-10-05 03:54:25 +0000"
    },
    "done": true
  },
  "create:recipes/misc/crafting/kinetics/millstone": {
    "criteria": {
      "has_item": "2024-10-05 04:01:22 +0000"
    },
    "done": true
  },
  "createdeco:recipes/decorations/decal_fire": {
    "criteria": {
      "has_item": "2024-10-05 04:00:42 +0000"
    },
    "done": true
  },
  "minecraft:recipes/misc/paper": {
    "criteria": {
      "has_reeds": "2024-10-05 03:54:23 +0000"
    },
    "done": true
  },
  "createdeco:recipes/decorations/decal_top_left": {
    "criteria": {
      "has_item": "2024-10-05 04:00:42 +0000"
    },
    "done": true
  },
  "create:arm_many_targets": {
    "criteria": {
      "0": "2024-10-05 03:51:12 +0000"
    },
    "done": true
  },
  "minecraft:recipes/transportation/mangrove_boat": {
    "criteria": {
      "in_water": "2024-10-05 03:54:25 +0000"
    },
    "done": true
  },
  "minecraft:recipes/tools/flint_and_steel": {
    "criteria": {
      "has_obsidian": "2024-10-05 04:07:42 +0000"
    },
    "done": true
  },
  "minecraft:recipes/misc/sugar_from_sugar_cane": {
    "criteria": {
      "has_sugar_cane": "2024-10-05 03:54:23 +0000"
    },
    "done": true
  },
  "create:arm_blaze_burner": {
    "criteria": {
      "0": "2024-10-05 03:51:12 +0000"
    },
    "done": true
  },
  "minecraft:recipes/decorations/soul_campfire": {
    "criteria": {
      "has_soul_sand": "2024-10-05 04:05:29 +0000"
    },
    "done": true
  },
  "minecraft:recipes/building_blocks/yellow_concrete_powder": {
    "criteria": {
      "has_gravel": "2024-10-05 04:08:06 +0000"
    },
    "done": true
  },
  "createdeco:recipes/decorations/blue_shipping_container": {
    "criteria": {
      "has_item": "2024-10-05 04:00:42 +0000"
    },
    "done": true
  },
  "create:water_supply": {
    "criteria": {
      "0": "2024-10-05 03:51:15 +0000"
    },
    "done": true
  },
  "createdeco:recipes/decorations/iron_catwalk_railing_forge": {
    "criteria": {
      "has_item": "2024-10-05 04:00:42 +0000"
    },
    "done": true
  },
  "minecraft:recipes/transportation/dark_oak_boat": {
    "criteria": {
      "in_water": "2024-10-05 03:54:25 +0000"
    },
    "done": true
  },
  "create:recipes/misc/crafting/kinetics/mechanical_saw": {
    "criteria": {
      "has_item": "2024-10-05 04:01:22 +0000"
    },
    "done": true
  },
  "minecraft:recipes/decorations/fletching_table": {
    "criteria": {
      "has_flint": "2024-10-05 04:08:31 +0000"
    },
    "done": true
  },
  "betterend:recipes/misc/charcoal_block": {
    "criteria": {
      "has_charcoal": "2024-10-05 03:59:39 +0000"
    },
    "done": true
  },
  "minecraft:recipes/building_blocks/red_concrete_powder": {
    "criteria": {
      "has_gravel": "2024-10-05 04:08:06 +0000"
    },
    "done": true
  },
  "minecraft:recipes/building_blocks/green_concrete_powder": {
    "criteria": {
      "has_gravel": "2024-10-05 04:08:06 +0000"
    },
    "done": true
  },
  "create:recipes/misc/crafting/kinetics/super_glue": {
    "criteria": {
      "has_item": "2024-10-05 04:00:42 +0000"
    },
    "done": true
  },
  "createdeco:recipes/decorations/iron_catwalk_forge": {
    "criteria": {
      "has_item": "2024-10-05 04:00:42 +0000"
    },
    "done": true
  },
  "createdeco:recipes/decorations/decal_down_right": {
    "criteria": {
      "has_item": "2024-10-05 04:00:42 +0000"
    },
    "done": true
  },
  "minecraft:recipes/building_blocks/blue_concrete_powder": {
    "criteria": {
      "has_gravel": "2024-10-05 04:08:06 +0000"
    },
    "done": true
  },
  "createdeco:recipes/decorations/green_shipping_container": {
    "criteria": {
      "has_item": "2024-10-05 04:00:42 +0000"
    },
    "done": true
  },
  "createdeco:recipes/decorations/yellow_iron_lamp": {
    "criteria": {
      "has_item": "2024-10-05 04:00:42 +0000"
    },
    "done": true
  },
  "create:spout": {
    "criteria": {
      "0": "2024-10-05 03:55:56 +0000"
    },
    "done": true
  },
  "nethersdelight:recipes/misc/soul_compost_from_hoglin_hide": {
    "criteria": {
      "has_soil": "2024-10-05 04:05:46 +0000"
    },
    "done": true
  },
  "minecraft:recipes/transportation/bamboo_raft": {
    "criteria": {
      "in_water": "2024-10-05 03:54:25 +0000"
    },
    "done": true
  },
  "minecraft:recipes/decorations/soul_torch": {
    "criteria": {
      "has_soul_sand": "2024-10-05 04:05:29 +0000"
    },
    "done": true
  },
  "createdeco:recipes/decorations/decal_down_left": {
    "criteria": {
      "has_item": "2024-10-05 04:00:42 +0000"
    },
    "done": true
  },
  "createdeco:recipes/decorations/iron_sheet_metal": {
    "criteria": {
      "has_item": "2024-10-05 04:00:42 +0000"
    },
    "done": true
  },
  "minecraft:recipes/building_blocks/orange_concrete_powder": {
    "criteria": {
      "has_gravel": "2024-10-05 04:08:06 +0000"
    },
    "done": true
  },
  "create:recipes/misc/crafting/kinetics/clutch": {
    "criteria": {
      "has_item": "2024-10-05 04:01:22 +0000"
    },
    "done": true
  },
  "create:recipes/misc/crafting/kinetics/depot": {
    "criteria": {
      "has_item": "2024-10-05 04:01:22 +0000"
    },
    "done": true
  },
  "createdeco:recipes/decorations/decal_skull": {
    "criteria": {
      "has_item": "2024-10-05 04:00:42 +0000"
    },
    "done": true
  },
  "vinery:recipes/campfire": {
    "criteria": {
      "has_coal": "2024-10-05 03:59:39 +0000"
    },
    "done": true
  },
  "minecraft:story/form_obsidian": {
    "criteria": {
      "obsidian": "2024-10-05 04:07:42 +0000"
    },
    "done": true
  },
  "createdeco:recipes/decorations/decal_fluid": {
    "criteria": {
      "has_item": "2024-10-05 04:00:42 +0000"
    },
    "done": true
  },
  "createdeco:recipes/decorations/decal_ice": {
    "criteria": {
      "has_item": "2024-10-05 04:00:42 +0000"
    },
    "done": true
  },
  "createdeco:recipes/decorations/decal_flow": {
    "criteria": {
      "has_item": "2024-10-05 04:00:42 +0000"
    },
    "done": true
  },
  "create:mechanical_press": {
    "criteria": {
      "0": "2024-10-05 04:00:36 +0000"
    },
    "done": true
  },
  "nethersdelight:recipes/misc/soul_compost_from_warped_roots": {
    "criteria": {
      "has_soil": "2024-10-05 04:05:46 +0000"
    },
    "done": true
  },
  "minecraft:recipes/building_blocks/purple_concrete_powder": {
    "criteria": {
      "has_gravel": "2024-10-05 04:08:06 +0000"
    },
    "done": true
  },
  "createdeco:recipes/decorations/decal_radioactive": {
    "criteria": {
      "has_item": "2024-10-05 04:00:42 +0000"
    },
    "done": true
  },
  "create:recipes/misc/crafting/kinetics/whisk": {
    "criteria": {
      "has_item": "2024-10-05 04:00:42 +0000"
    },
    "done": true
  },
  "minecraft:recipes/building_blocks/coarse_dirt": {
    "criteria": {
      "has_gravel": "2024-10-05 04:08:06 +0000"
    },
    "done": true
  },
  "minecraft:recipes/building_blocks/light_gray_concrete_powder": {
    "criteria": {
      "has_gravel": "2024-10-05 04:08:06 +0000"
    },
    "done": true
  },
  "create:recipes/misc/smelting/scoria": {
    "criteria": {
      "has_item": "2024-10-05 04:05:29 +0000"
    },
    "done": true
  },
  "alexsmobs:alexsmobs/crimson_mosquito": {
    "criteria": {
      "killed_by": "2024-10-05 04:05:36 +0000"
    },
    "done": true
  },
  "minecraft:recipes/building_blocks/brown_concrete_powder": {
    "criteria": {
      "has_gravel": "2024-10-05 04:08:06 +0000"
    },
    "done": true
  },
  "minecraft:recipes/building_blocks/light_blue_concrete_powder": {
    "criteria": {
      "has_gravel": "2024-10-05 04:08:06 +0000"
    },
    "done": true
  },
  "minecraft:recipes/combat/arrow": {
    "criteria": {
      "has_flint": "2024-10-05 04:08:31 +0000"
    },
    "done": true
  },
  "betterend:recipes/misc/charcoal_from_block": {
    "criteria": {
      "has_charcoal_block": "2024-10-05 04:11:04 +0000"
    },
    "done": true
  },
  "createdeco:recipes/decorations/red_iron_lamp": {
    "criteria": {
      "has_item": "2024-10-05 04:00:42 +0000"
    },
    "done": true
  },
  "create:recipes/misc/crafting/kinetics/mechanical_bearing": {
    "criteria": {
      "has_item": "2024-10-05 04:01:22 +0000"
    },
    "done": true
  },
  "createdeco:recipes/decorations/yellow_shipping_container": {
    "criteria": {
      "has_item": "2024-10-05 04:00:42 +0000"
    },
    "done": true
  },
  "createdeco:recipes/decorations/decal_top_right": {
    "criteria": {
      "has_item": "2024-10-05 04:00:42 +0000"
    },
    "done": true
  },
  "vinery:recipes/grapevine_lattice": {
    "criteria": {
      "has_coal": "2024-10-05 03:59:39 +0000"
    },
    "done": true
  },
  "createdeco:recipes/decorations/pink_shipping_container": {
    "criteria": {
      "has_item": "2024-10-05 04:00:42 +0000"
    },
    "done": true
  },
  "minecraft:recipes/transportation/birch_boat": {
    "criteria": {
      "in_water": "2024-10-05 03:54:25 +0000"
    },
    "done": true
  },
  "createdeco:recipes/decorations/brown_shipping_container": {
    "criteria": {
      "has_item": "2024-10-05 04:00:42 +0000"
    },
    "done": true
  },
  "minecraft:recipes/transportation/oak_boat": {
    "criteria": {
      "in_water": "2024-10-05 03:54:25 +0000"
    },
    "done": true
  },
  "createdeco:recipes/decorations/light_gray_shipping_container": {
    "criteria": {
      "has_item": "2024-10-05 04:00:42 +0000"
    },
    "done": true
  },
  "create:mechanical_arm": {
    "criteria": {
      "0": "2024-10-05 03:55:54 +0000"
    },
    "done": true
  },
  "createdeco:recipes/decorations/black_shipping_container": {
    "criteria": {
      "has_item": "2024-10-05 04:00:42 +0000"
    },
    "done": true
  },
  "minecraft:nether/root": {
    "criteria": {
      "entered_nether": "2024-10-05 04:03:53 +0000"
    },
    "done": true
  },
  "create_enchantment_industry:spirit_taking": {
    "criteria": {
      "builtin": "2024-10-05 03:52:09 +0000"
    },
    "done": true
  },
  "createdeco:recipes/decorations/orange_shipping_container": {
    "criteria": {
      "has_item": "2024-10-05 04:00:42 +0000"
    },
    "done": true
  },
  "minecraft:recipes/building_blocks/gray_concrete_powder": {
    "criteria": {
      "has_gravel": "2024-10-05 04:08:06 +0000"
    },
    "done": true
  },
  "minecraft:adventure/adventuring_time": {
    "criteria": {
      "minecraft:cherry_grove": "2024-10-05 03:50:42 +0000",
      "minecraft:river": "2024-10-05 03:51:23 +0000",
      "minecraft:forest": "2024-10-05 03:49:47 +0000",
      "minecraft:ocean": "2024-10-05 03:54:25 +0000",
      "minecraft:flower_forest": "2024-10-05 03:54:20 +0000",
      "minecraft:plains": "2024-10-05 03:50:49 +0000"
    },
    "done": false
  },
  "minecraft:recipes/decorations/enchanting_table": {
    "criteria": {
      "has_obsidian": "2024-10-05 04:07:42 +0000"
    },
    "done": true
  },
  "createdeco:recipes/decorations/iron_mesh_fence": {
    "criteria": {
      "has_item": "2024-10-05 04:00:42 +0000"
    },
    "done": true
  },
  "create:recipes/misc/crafting/kinetics/gearshift": {
    "criteria": {
      "has_item": "2024-10-05 04:01:22 +0000"
    },
    "done": true
  },
  "createdeco:recipes/decorations/iron_support_wedge": {
    "criteria": {
      "has_item": "2024-10-05 04:00:42 +0000"
    },
    "done": true
  },
  "DataVersion": 3465
}